state,plantCode,Longitude,Latitude,2019-01-01,2019-02-01,2019-03-01,2019-04-01,2019-05-01,2019-06-01,2019-07-01,2019-08-01,2019-09-01,2019-10-01,2019-11-01,2019-12-01,2020-01-01,2020-02-01,2020-03-01,2020-04-01,2020-05-01,2020-06-01,2020-07-01,2020-08-01,2020-09-01,2020-10-01,2020-11-01,2020-12-01,2021-01-01,2021-02-01,2021-03-01,2021-04-01,2021-05-01,2021-06-01,2021-07-01,2021-08-01,2021-09-01,2021-10-01,2021-11-01,2021-12-01,2022-01-01,2022-02-01,2022-03-01,2022-04-01,2022-05-01,2022-06-01,2022-07-01,2022-08-01,2022-09-01,2022-10-01,2022-11-01,2022-12-01,2023-01-01,2023-02-01,2023-03-01,2023-04-01,2023-05-01,2023-06-01,2023-07-01,2023-08-01,2023-09-01,2023-10-01,2023-11-01
MI,57950,-82.619167,43.266389,102105.0,88115.0,81350.0,0.0,0.0,0.0,0.0,0.0,45596.0,96969.0,83262.0,89855.0,84432.0,76212.0,81426.0,30712.0,0.0,0.0,0.0,51993.0,102253.0,98493.0,98333.0,11343.0,15901.0,91520.0,77939.0,0.0,0.0,0.0,0.0,2538.0,76908.0,87547.0,83744.0,90903.0,87193.0,89098.0,98136.0,0.0,0.0,0.0,0.0,0.0,86083.0,109779.0,99350.0,106351.0,104014.0,96587.0,109965.0,12548.0,0.0,0.0,0.0,109965.0,97465.0,110452.0,109301.0
MI,57949,-83.447222,43.741111,43145.0,37347.0,42454.0,19712.0,0.0,0.0,0.0,0.0,24916.0,43636.0,39790.0,43010.0,38770.0,37539.0,41205.0,32304.0,4126.0,0.0,0.0,16491.0,45350.0,3505629.0,46970.0,48622.0,39799.0,40654.0,36320.0,5009.0,0.0,0.0,0.0,10197.0,27917.0,39267.0,37164.0,42722.0,27958.0,38480.0,31588.0,31459.0,10686.0,0.0,0.0,0.0,38845.0,53431.0,43853.0,46659.0,50752.0,42512.0,45644.0,13735.0,0.0,0.0,0.0,12187.0,29467.0,31038.0,33289.0
MI,10208,-87.0891,45.8044,644589.0,583544.0,592288.0,549658.0,422824.0,372877.0,360594.0,378654.0,414084.0,478843.0,569421.0,564815.0,486496.0,515797.0,562090.0,531133.0,489123.0,379649.0,442118.0,487778.0,410274.0,490146.0,507909.0,512304.0,618295.0,583019.0,593119.0,578233.0,520007.0,533475.0,528709.0,403280.0,359010.0,386318.0,491815.0,601429.0,594243.0,519767.0,638195.0,616850.0,488044.0,336918.0,447853.0,492925.0,368568.0,450405.0,495496.0,531421.0,563263.0,474734.0,498260.0,382366.0,372895.0,439598.0,383910.0,394962.0,418771.0,361438.0,381617.0
MI,10328,-84.4836,42.7178,622599.0,553642.0,580216.0,502283.0,505174.0,488970.0,548858.0,503163.0,506537.0,510352.0,505480.0,502924.0,543433.0,533839.0,501006.0,431757.0,431668.0,451556.0,497419.0,515373.0,468832.0,469264.0,424439.0,468888.0,494860.0,515008.0,527631.0,462066.0,429023.0,441132.0,487152.0,548132.0,488906.0,476598.0,454750.0,512381.0,597730.0,559677.0,500867.0,449475.0,426856.0,420084.0,445898.0,457105.0,427379.0,421851.0,434404.0,522968.0,485830.0,454986.0,462881.0,429976.0,334472.0,352801.0,358106.0,383892.0,370398.0,376175.0,382864.0
MI,1743,-82.4719,42.7642,90620.0,108245.0,42425.0,33838.0,38253.0,51638.0,0.0,30298.0,53862.0,34425.0,56035.0,32570.0,30890.0,7731.0,6816.0,0.0,0.0,41069.0,32178.0,73539.0,51903.0,45130.0,28435.0,38957.0,59862.0,73203.0,2492.0,4726.0,21131.0,58737.0,43119.0,57715.0,21464.0,29031.0,31469.0,42728.0,45566.0,132224.0,112705.0,61436.0,87177.0,13112.0,6782.0,4035.0,1.0,0.0,0.0,6092.0,0.0,562.0,0.0,0.0,1550.0,98.0,3226.0,1952.0,0.0,989.0,0.0
MI,1740,-83.1119,42.2739,132129.0,151828.0,117135.0,0.0,0.0,112734.0,79613.0,75011.0,84473.0,35159.0,152268.0,14380.0,17661.0,102876.0,154777.0,64539.0,137897.0,67059.0,311608.0,41851.0,0.0,0.0,0.0,0.0,0.0,151986.0,191002.0,0.0,0.0,0.0,0.0,0.0,0.0,0.0,0.0,0.0,0.0,0.0,0.0,0.0,0.0,0.0,0.0,0.0,0.0,0.0,0.0,0.0,0.0,0.0,0.0,0.0,0.0,0.0,0.0,0.0,0.0,0.0,0.0
MI,10745,-84.2242,43.5861,6126288.0,5510295.0,5666214.0,6792291.0,6922163.0,6636608.0,7625526.0,7374525.0,4549403.0,7688999.0,6549533.0,7488274.0,8122775.0,7917430.0,7933650.0,6747316.0,5967265.0,6769077.0,8470758.0,7551244.0,6540272.0,6975111.0,5009697.0,5867608.0,5418237.0,5113047.0,3016507.0,5976862.0,4329731.0,4690646.0,5050063.0,5019631.0,4059338.0,5055537.0,6923019.0,6422190.0,7858162.0,5769321.0,6597435.0,5517096.0,4745760.0,5044703.0,5343738.0,4811854.0,3691333.0,5409333.0,5511964.0,7219307.0,6951584.0,6265800.0,7754226.0,7725958.0,6198906.0,6006772.0,7673703.0,7267872.0,7036838.0,7674828.0,7753241.0
MI,50835,-86.28905,44.217299,75182.0,59742.0,3885.0,25711.0,34545.0,33908.0,32481.0,30310.0,30740.0,52999.0,63215.0,90699.0,95519.0,88511.0,103769.0,115867.0,116207.0,112789.0,88892.0,102456.0,98603.0,112204.0,133077.0,128197.0,127920.0,106833.0,94600.0,123701.0,85322.0,105557.0,123841.0,117537.0,99954.0,82666.0,77906.0,77146.0,73612.0,66694.0,73780.0,71466.0,53486.0,67492.0,68026.0,68287.0,70602.0,73252.0,70145.0,72392.0,68708.0,65372.0,79721.0,84675.0,51105.0,60805.0,63075.0,65647.0,41981.0,46388.0,43124.0
MI,55402,-84.8429,43.1864,0.0,0.0,0.0,287385.0,349811.0,0.0,1176267.0,3290377.0,943970.0,1176267.0,333500.0,253149.0,1646392.0,946837.0,155.0,245.0,919633.0,2885308.0,3442561.0,1543002.0,89.0,0.0,396796.0,181557.0,0.0,517499.0,317195.0,681669.0,179249.0,1280195.0,1100022.0,1434476.0,539124.0,1218786.0,608530.0,112761.0,679529.0,155834.0,122080.0,0.0,40238.0,512916.0,618509.0,233883.0,206355.0,137770.0,457324.0,679071.0,416778.0,0.0,361017.0,817033.0,1985004.0,1826014.0,2629048.0,2650674.0,1651832.0,2668512.0,525532.0
MI,1702,-83.840074,43.644996,5045.0,5429.0,1016.0,19656.0,136674.0,232424.0,199176.0,196978.0,163035.0,40474.0,35.0,0.0,0.0,0.0,0.0,0.0,85831.0,0.0,349354.0,385772.0,0.0,1390.0,0.0,26604.0,54720.0,454425.0,60887.0,84059.0,107963.0,449843.0,479189.0,824275.0,125198.0,133924.0,0.0,0.0,15850.0,29859.0,0.0,1804.0,56845.0,740867.0,878483.0,815939.0,298294.0,0.0,11879.0,308556.0,83158.0,1958.0,0.0,15686.0,10913.0,70163.0,135039.0,255007.0,86346.0,59432.0,43298.0
MI,58066,-86.286667,44.213333,364834.0,333807.0,378671.0,347755.0,341246.0,299619.0,284768.0,271973.0,289489.0,289567.0,339115.0,310104.0,357691.0,338966.0,350164.0,324037.0,328480.0,248400.0,295852.0,301022.0,318624.0,339295.0,328213.0,357345.0,360844.0,335310.0,368221.0,323906.0,204934.0,223434.0,229972.0,219168.0,238749.0,238317.0,236779.0,266451.0,289877.0,249602.0,256143.0,231350.0,215221.0,189155.0,211459.0,207678.0,115741.0,200842.0,215732.0,212936.0,241825.0,223928.0,234712.0,207902.0,223754.0,173945.0,169278.0,187512.0,188742.0,208493.0,228434.0
MI,50305,-83.408182,45.069929,25117.0,30111.0,14632.0,19118.0,20724.0,26367.0,18968.0,16921.0,18864.0,24845.0,26112.0,62856.0,52160.0,40050.0,133868.0,149141.0,34851.0,32417.0,58455.0,49285.0,48829.0,40858.0,45201.0,67603.0,60299.0,50603.0,55596.0,60176.0,88700.0,77162.0,61170.0,109551.0,90927.0,84942.0,60137.0,74739.0,50603.0,45873.0,67167.0,93097.0,77468.0,57913.0,72314.0,120095.0,57678.0,84942.0,104701.0,109416.0,95992.0,93524.0,55596.0,202219.0,261853.0,200301.0,61170.0,119733.0,85272.0,84942.0,126082.0
MI,1866,-83.1453,42.2081,27443.0,24269.0,24948.0,10066.0,0.0,0.0,18553.0,866.0,0.0,8680.0,14774.0,23757.0,24079.0,22647.0,21031.0,19746.0,12574.0,0.0,69525.0,143398.0,139814.0,20917.0,1650.0,0.0,3140.0,25291.0,7254.0,0.0,627.0,0.0,121983.0,30503.0,85330.0,116658.0,0.0,0.0,1551.0,5158.0,0.0,0.0,0.0,0.0,0.0,0.0,0.0,8856.0,0.0,0.0,0.0,0.0,0.0,0.0,0.0,0.0,0.0,0.0,0.0,0.0,0.0
MI,55270,-84.3767,42.2488,1395640.0,646684.0,1297160.0,1511908.0,1323836.0,1258953.0,1582837.0,1546503.0,1262010.0,1617812.0,1502706.0,1218817.0,1628203.0,316585.0,1195822.0,137793.0,97650.0,1382951.0,1668098.0,1499266.0,954257.0,1776507.0,1664496.0,1502299.0,888718.0,1369418.0,1061257.0,228872.0,1487553.0,1642706.0,1806703.0,2087943.0,1775102.0,1847003.0,1822698.0,596557.0,1927333.0,1455109.0,1284735.0,316886.0,1602623.0,1797052.0,2020861.0,2194105.0,1369658.0,994472.0,1068954.0,1669062.0,805626.0,568568.0,889242.0,1603098.0,1641654.0,1357814.0,2054535.0,1897711.0,991090.0,996896.0,1773061.0
MI,50431,-83.734617,42.281167,348080.0,308041.0,304582.0,214467.0,206623.0,185858.0,173437.0,179775.0,190640.0,213192.0,295305.0,306753.0,329200.0,311679.0,260429.0,246557.0,205048.0,171290.0,182565.0,185109.0,182403.0,202375.0,251240.0,318509.0,329434.0,382317.0,268086.0,236129.0,189221.0,189537.0,212485.0,197288.0,185414.0,202484.0,290302.0,314570.0,407034.0,329347.0,303938.0,274349.0,235521.0,233542.0,248755.0,252494.0,178668.0,263097.0,225054.0,355953.0,340028.0,320026.0,328724.0,237164.0,246648.0,228189.0,205696.0,237807.0,250180.0,237876.0,295386.0
MI,50860,-85.693209,42.949575,1363.0,1304.0,1456.0,752.0,1069.0,852.0,294.0,1107.0,425.0,2337.0,543.0,258.0,2401.0,1630.0,1764.0,891.0,716.0,976.0,985.0,1505.0,1456.0,400.0,392.0,356.0,463.0,75.0,666.0,625.0,316.0,251.0,595.0,688.0,1171.0,1646.0,70.0,76.0,10.0,1872.0,2805.0,900.0,1221.0,749.0,2153.0,315.0,931.0,1176.0,491.0,736.0,0.0,682.0,1.0,658.0,3.0,2.0,6.0,2.0,2.0,2.0,4.0
MI,55087,-85.9975,42.8206,2571271.0,1556298.0,2472514.0,2521490.0,978667.0,2295140.0,3148531.0,3281049.0,2453007.0,3176369.0,2951630.0,2683273.0,3277356.0,3026445.0,3119880.0,2700004.0,1796377.0,1613293.0,4526366.0,2201440.0,1971136.0,3614111.0,1534606.0,1930079.0,2072471.0,1505225.0,588915.0,2024914.0,927384.0,2618169.0,2808262.0,2973109.0,2028211.0,911789.0,2747763.0,2606082.0,3386280.0,2548588.0,2522572.0,2581180.0,1638300.0,3324418.0,3825718.0,3616980.0,2058728.0,2156881.0,2024733.0,2123179.0,773144.0,2310141.0,2907062.0,3398329.0,3647008.0,3579171.0,4018094.0,3811679.0,3108154.0,4149117.0,1480724.0
MI,6035,-82.6964,43.1056,211219.0,98833.0,92607.0,280796.0,65504.0,347864.0,3092995.0,1589830.0,1440510.0,1175987.0,507325.0,382680.0,1173571.0,917705.0,501662.0,65884.0,1630626.0,1026899.0,2321046.0,1540147.0,129769.0,430358.0,10665.0,52136.0,89247.0,2411404.0,10622.0,54415.0,259266.0,979279.0,1145039.0,2044344.0,622685.0,392589.0,301869.0,246206.0,658326.0,499841.0,81020.0,320106.0,360556.0,992864.0,857300.0,200414.0,291390.0,171050.0,287833.0,526055.0,32094.0,68439.0,425.0,1717602.0,1087210.0,1093934.0,1745538.0,2282402.0,1394270.0,970532.0,123295.0
MI,6034,-82.495,42.7756,310712.0,210119.0,191518.0,676296.0,391308.0,230250.0,758232.0,439995.0,349379.0,378036.0,21507.0,180352.0,953896.0,1099831.0,129079.0,5458.0,36898.0,500702.0,1207262.0,370301.0,64849.0,163423.0,12658.0,19874.0,21754.0,207922.0,21602.0,108299.0,90336.0,260370.0,199987.0,427888.0,175419.0,108234.0,215059.0,19874.0,166076.0,44278.0,98935.0,25161.0,168818.0,191700.0,58154.0,53090.0,13029.0,6120.0,102469.0,182648.0,17851.0,50079.0,31642.0,134821.0,312343.0,191947.0,384619.0,380021.0,52344.0,269887.0,85758.0
WA,55662,-122.9131,46.6225,1838156.0,675161.0,831135.0,465130.0,412600.0,844620.0,2032564.0,2161627.0,1705184.0,1830806.0,1714287.0,1782125.0,1479606.0,1061326.0,1891573.0,1418308.0,1173725.0,593962.0,1234679.0,1551517.0,1765309.0,1829248.0,1084476.0,1257388.0,1239216.0,1016620.0,1657731.0,1780997.0,603029.0,1253698.0,1341756.0,1747825.0,1617730.0,1055902.0,730411.0,1350928.0,878946.0,988930.0,591038.0,1411587.0,0.0,35177.0,1284974.0,1611563.0,1636942.0,2081147.0,2048059.0,2113656.0,1859918.0,1229161.0,2028186.0,963704.0,970449.0,593123.0,958192.0,1443226.0,1491367.0,1847997.0,930325.0
WA,607,-122.4358,48.4558,9596.0,20794.0,0.0,2195.0,21281.0,101530.0,458609.0,866771.0,441134.0,80775.0,18990.0,117949.0,32892.0,69304.0,273766.0,313374.0,41038.0,67354.0,182250.0,397641.0,495055.0,144691.0,83619.0,69756.0,23129.0,89830.0,188640.0,764166.0,265087.0,490123.0,787610.0,621333.0,436861.0,334994.0,93457.0,44564.0,43464.0,40906.0,14744.0,401608.0,71278.0,56711.0,303933.0,335236.0,691321.0,746151.0,154823.0,102583.0,42085.0,168991.0,1017886.0,1406342.0,56239.0,433423.0,1451966.0,1306703.0,1386656.0,953417.0,885586.0
WA,54268,-122.56,48.4708,662859.0,586536.0,776559.0,724513.0,448076.0,466563.0,533075.0,578702.0,578344.0,655049.0,597104.0,585555.0,593184.0,508741.0,455840.0,435688.0,645227.0,572161.0,578921.0,687798.0,424266.0,614522.0,606094.0,680604.0,647940.0,569073.0,730201.0,510964.0,502078.0,648797.0,733815.0,750600.0,677669.0,708926.0,670596.0,770209.0,797305.0,657407.0,663160.0,445490.0,487643.0,633117.0,649311.0,676330.0,694271.0,758110.0,685528.0,693656.0,708207.0,533909.0,628229.0,659087.0,557598.0,664864.0,703726.0,724096.0,676629.0,723381.0,735285.0
WA,50187,-122.9728,46.1236,212610.0,296404.0,252195.0,248284.0,346852.0,149334.0,142642.0,146459.0,174347.0,243453.0,242889.0,266820.0,344494.0,283380.0,263870.0,273221.0,127079.0,164383.0,205794.0,205345.0,232674.0,211366.0,332634.0,320762.0,300982.0,296537.0,340734.0,277229.0,238408.0,248132.0,230026.0,0.0,209274.0,244846.0,79659.0,327453.0,363027.0,369067.0,304791.0,239411.0,60064.0,175694.0,169000.0,105686.0,223272.0,208269.0,385155.0,339769.0,354690.0,359540.0,385892.0,339140.0,234102.0,252288.0,235646.0,241524.0,293399.0,250520.0,294160.0
WA,56016,-117.1514,46.7289,176.0,190.0,145.0,278.0,435.0,224.0,203.0,276.0,98.0,513.0,296.0,275.0,766.0,399.0,182.0,130.0,362.0,337.0,176.0,106.0,157.0,64.0,69.0,234.0,269.0,596.0,370.0,78.0,97.0,276.0,109.0,0.0,132.0,125.0,72.0,107.0,168.0,7.0,0.0,0.0,2.0,0.0,0.0,0.0,21.0,0.0,79.0,165.0,0.0,127.0,159.0,81.0,70.0,61.0,41.0,5.0,37.0,76.0,62.0
WA,54537,-122.685114,48.828996,367921.0,566513.0,278713.0,230322.0,34704.0,600680.0,1276919.0,1410542.0,1309476.0,71744.0,528404.0,1268430.0,884237.0,663539.0,1286038.0,1012348.0,72243.0,118492.0,470049.0,928774.0,1133772.0,762777.0,214837.0,836749.0,472074.0,478203.0,1000197.0,1182804.0,523584.0,857305.0,1091989.0,1122114.0,1252183.0,934450.0,738661.0,771491.0,505044.0,328225.0,36378.0,0.0,0.0,111170.0,662142.0,973533.0,1281399.0,1335912.0,1175593.0,1066329.0,1397989.0,884396.0,1303142.0,597928.0,0.0,0.0,1118244.0,1339153.0,1342511.0,1025958.0,1289922.0
WA,7870,-122.486,48.746,0.0,233034.0,31402.0,0.0,47970.0,0.0,778471.0,860375.0,585200.0,162857.0,24944.0,644378.0,395855.0,157795.0,710221.0,493973.0,47705.0,0.0,149451.0,387559.0,611541.0,113763.0,1743.0,75489.0,25.0,151823.0,360596.0,218918.0,616761.0,510255.0,630666.0,661543.0,713620.0,190816.0,192543.0,296530.0,105452.0,95516.0,0.0,131927.0,178852.0,36416.0,304809.0,502341.0,739602.0,392105.0,561843.0,557361.0,358702.0,317182.0,827470.0,417186.0,22877.0,720223.0,907702.0,825239.0,862636.0,408361.0,894886.0
WA,7605,-122.7256,45.6497,1292046.0,656426.0,788752.0,894901.0,1181.0,1077179.0,1231162.0,1232858.0,1190475.0,1293813.0,1267421.0,1172350.0,1258728.0,1176305.0,1284434.0,1184463.0,0.0,0.0,291391.0,1194065.0,1170591.0,1244130.0,882999.0,1259535.0,1260175.0,1108762.0,1277356.0,1199652.0,0.0,1121365.0,1158593.0,1183803.0,1049204.0,1267438.0,1196415.0,1274899.0,1253538.0,1120909.0,1134485.0,1090912.0,0.0,26157.0,847475.0,1155925.0,1146465.0,1267310.0,1220164.0,1252483.0,1216649.0,1095734.0,1211601.0,1019229.0,0.0,719907.0,1171640.0,1171151.0,1159478.0,1154673.0,1154973.0
WA,7999,-123.48,46.9692,2687109.0,547494.0,1701569.0,1174692.0,732140.0,1384404.0,2925065.0,2997014.0,2890155.0,2302746.0,1721242.0,3042257.0,1726023.0,907925.0,1555080.0,2001672.0,595.0,28420.0,1391968.0,2224533.0,2653834.0,2210707.0,735221.0,2250005.0,1949069.0,1615979.0,2707495.0,1146081.0,0.0,627970.0,2875081.0,2914424.0,2903207.0,2927832.0,2658697.0,2714899.0,2267463.0,1927772.0,937797.0,1299628.0,2222.0,83814.0,1988778.0,2826215.0,2980081.0,2937063.0,2045046.0,2816811.0,1991614.0,1556192.0,2874422.0,2788788.0,56632.0,1084259.0,2988866.0,2621370.0,2385654.0,3008624.0,2176397.0
TX,61643,-97.209692,33.214869,79915.0,100176.0,145059.0,118166.0,121948.0,153509.0,261189.0,383833.0,307414.0,133832.0,134900.0,18805.0,23200.0,80035.0,153141.0,73711.0,70780.0,79552.0,183885.0,281559.0,78578.0,260353.0,119597.0,61368.0,77865.0,262190.0,46547.0,159293.0,75754.0,174668.0,254591.0,228378.0,306321.0,310577.0,217555.0,104058.0,132185.0,133845.0,128099.0,171369.0,279441.0,479910.0,604995.0,658527.0,332192.0,266711.0,262083.0,242910.0,156032.0,152423.0,142849.0,72473.0,264930.0,303853.0,386823.0,549841.0,268900.0,126723.0,163715.0
TX,60122,-96.065399,29.289415,3124951.0,2710971.0,3421165.0,2298445.0,3389826.0,3603568.0,4073955.0,4557403.0,4009564.0,2246991.0,3328128.0,3772954.0,3098365.0,3549976.0,4166583.0,1048759.0,3366714.0,4420710.0,4818140.0,4401029.0,4368043.0,3484925.0,71039.0,503958.0,2748432.0,3247461.0,2439975.0,963873.0,4222031.0,4534234.0,4613529.0,4409813.0,4132162.0,2502949.0,2813845.0,3964228.0,4315143.0,3703840.0,3866714.0,1361437.0,547409.0,4568196.0,4987257.0,5000995.0,4680746.0,4545916.0,1002812.0,3378367.0,4257949.0,3817690.0,3156584.0,3702151.0,5138447.0,4838438.0,5023375.0,5204360.0,4918353.0,4710512.0,4092787.0
TX,55206,-97.4283,27.8139,1541115.0,1749321.0,1370195.0,927017.0,1174739.0,1096133.0,1941438.0,1893144.0,2327735.0,1934261.0,1981914.0,1461268.0,1178530.0,1377343.0,1613107.0,1756815.0,427759.0,1580417.0,2276929.0,2078887.0,2249473.0,2162780.0,994867.0,1933188.0,1677511.0,1594720.0,1150564.0,1146969.0,1535634.0,1317285.0,1273135.0,2514314.0,2292884.0,1385751.0,1272403.0,1909231.0,1768405.0,1581883.0,1514893.0,978315.0,1563500.0,2144016.0,2148506.0,2379521.0,2078407.0,1832015.0,1278409.0,1091051.0,1841831.0,1618418.0,1253285.0,1355279.0,2523049.0,2338120.0,2441450.0,2370343.0,2317686.0,1984124.0,1393917.0
TX,59391,-98.1775,26.451111,238120.0,267677.0,334353.0,311692.0,380647.0,249379.0,338331.0,373655.0,394035.0,356572.0,358136.0,168001.0,106824.0,151693.0,236415.0,60734.0,91997.0,71259.0,110968.0,231958.0,160527.0,267647.0,263878.0,105880.0,173804.0,327725.0,290018.0,339751.0,274312.0,282262.0,291996.0,308490.0,325202.0,431051.0,268089.0,197698.0,152492.0,141580.0,191011.0,171812.0,292968.0,376277.0,389455.0,459168.0,401583.0,302851.0,314201.0,248105.0,113407.0,140190.0,299131.0,141431.0,223843.0,286445.0,271498.0,477392.0,354211.0,138353.0,149938.0
TX,56611,-96.957149,31.474378,0.0,0.0,0.0,0.0,0.0,0.0,0.0,0.0,0.0,0.0,0.0,0.0,0.0,0.0,0.0,0.0,0.0,0.0,0.0,0.0,0.0,0.0,0.0,0.0,0.0,0.0,0.0,0.0,0.0,0.0,0.0,0.0,0.0,0.0,0.0,0.0,0.0,0.0,0.0,0.0,0.0,0.0,0.0,0.0,0.0,0.0,0.0,0.0,0.0,0.0,0.0,0.0,0.0,0.0,0.0,0.0,0.0,0.0,0.0
TX,59812,-97.734612,32.337679,3767697.0,3332440.0,3480460.0,2024770.0,3334803.0,3990852.0,4815927.0,4853096.0,4210968.0,2392368.0,3365200.0,4022608.0,3269543.0,3376842.0,1374566.0,3343657.0,3901373.0,4128405.0,4873550.0,4536606.0,4235404.0,400716.0,2053016.0,1340269.0,4022300.0,3223594.0,1220183.0,0.0,1356137.0,4461055.0,4672835.0,4065763.0,3872564.0,2255766.0,3958272.0,2073268.0,3199059.0,2326809.0,664445.0,1393529.0,3981418.0,4312324.0,4762523.0,4568744.0,4192648.0,2036830.0,4303431.0,3952013.0,4039259.0,3552422.0,1389280.0,2623645.0,4881614.0,4488586.0,4857805.0,4901275.0,4515758.0,4343283.0,2498166.0
TX,55065,-102.7417,32.9728,1319826.0,1738808.0,1898948.0,554222.0,1623435.0,1910228.0,2071103.0,2154604.0,1996187.0,1495629.0,449757.0,1529657.0,1627601.0,1861802.0,911589.0,723046.0,754013.0,1762451.0,1927670.0,1961143.0,853778.0,1580916.0,739051.0,0.0,635395.0,897431.0,235327.0,385611.0,359929.0,537347.0,913613.0,823408.0,435609.0,450157.0,9484.0,288215.0,157574.0,1025843.0,989687.0,911052.0,382302.0,1246216.0,1336334.0,1162197.0,522508.0,1163550.0,441404.0,1531644.0,1423192.0,856328.0,557053.0,1415757.0,1513530.0,1609190.0,1796283.0,1970909.0,1755956.0,314720.0,1089672.0
TX,55064,-101.36,35.6957,1580283.0,1402016.0,1529812.0,1205197.0,1537036.0,1442557.0,1522897.0,1517891.0,1474053.0,1107690.0,1548005.0,1627780.0,1573786.0,1498323.0,1545938.0,1048555.0,1517356.0,1454941.0,1542443.0,1486739.0,1565470.0,1547226.0,1465777.0,1573336.0,1562065.0,1495507.0,1560609.0,1196288.0,1239839.0,1456293.0,1558440.0,1531157.0,1467045.0,1514836.0,1482688.0,1563991.0,1604194.0,1455179.0,1510530.0,1452314.0,1619100.0,1463506.0,1519619.0,1555737.0,1474779.0,1564358.0,1314758.0,1669748.0,1566903.0,1407080.0,1566821.0,840873.0,1380126.0,1507665.0,1572797.0,1566532.0,1522804.0,1010643.0,1397322.0
TX,10167,-96.794154,28.513929,1376.0,1420.0,1397.0,1449.0,1696.0,1379.0,1881.0,1623.0,1653.0,1551.0,1673.0,1673.0,1376.0,1745.0,1848.0,1814.0,1935.0,1780.0,983.0,1347.0,1357.0,1475.0,1653.0,1704.0,1472.0,1541.0,1449.0,1509.0,1771.0,1557.0,1656.0,1489.0,1678.0,1662.0,1892.0,1720.0,1629.0,1545.0,1604.0,986.0,1715.0,2118.0,2056.0,2530.0,3144.0,1314.0,1414.0,1809.0,1657.0,1495.0,3077.0,5617.0,3203.0,347.0,0.0,0.0,0.0,0.0,3098.0
TX,6194,-102.56999,34.186494,18219.0,12423.0,21230.0,33954.0,51206.0,34180.0,26261.0,36597.0,39818.0,57146.0,30605.0,50812.0,45736.0,43502.0,19640.0,50417.0,54761.0,78370.0,261278.0,219770.0,38374.0,29115.0,10671.0,26327.0,27642.0,29160.0,55116.0,4109.0,29015.0,56165.0,38554.0,24316.0,26563.0,15599.0,11769.0,38565.0,44941.0,20113.0,30039.0,12584.0,13701.0,15123.0,14057.0,18694.0,28308.0,18386.0,0.0,12754.0,33888.0,39256.0,27484.0,17429.0,33747.0,32893.0,53735.0,86224.0,111569.0,82391.0,38424.0
TX,6193,-101.747187,35.29816,36597.0,21098.0,23763.0,43665.0,64037.0,63803.0,46386.0,44757.0,61957.0,87605.0,61712.0,66321.0,68495.0,63887.0,38591.0,46552.0,43518.0,85534.0,21995.0,20559.0,45498.0,72254.0,36796.0,28733.0,27697.0,20125.0,66309.0,30607.0,30625.0,22487.0,15863.0,10673.0,28244.0,24127.0,24062.0,47163.0,26508.0,19806.0,17046.0,19750.0,20835.0,10138.0,3226.0,9079.0,32041.0,33287.0,38069.0,34361.0,46981.0,47849.0,13307.0,43693.0,21386.0,31838.0,18468.0,10216.0,8461.0,31333.0,66466.0
TX,54520,-97.14209,32.775093,108.0,128.0,137.0,14603.0,43689.0,40862.0,31620.0,38057.0,34429.0,41046.0,41791.0,43357.0,40198.0,50132.0,53712.0,52734.0,55089.0,49670.0,43280.0,51800.0,52113.0,50876.0,50294.0,53986.0,47550.0,42599.0,46116.0,44009.0,45524.0,42579.0,42865.0,43415.0,41795.0,43268.0,43542.0,45958.0,28825.0,39719.0,44273.0,52651.0,42828.0,14205.0,34876.0,36974.0,20618.0,25571.0,486.0,31921.0,0.0,895.0,4835.0,44347.0,49724.0,19023.0,13734.0,39996.0,45648.0,67970.0,43493.0
TX,55215,-102.3264,31.8403,4629333.0,4260355.0,3673526.0,2836810.0,3140352.0,4331135.0,5053124.0,5051154.0,4623880.0,3646143.0,4314891.0,5050622.0,4958209.0,4088569.0,4546039.0,1336866.0,3209690.0,3510947.0,4282323.0,4849851.0,4533795.0,4206590.0,3064025.0,3239949.0,3729521.0,2638205.0,1265905.0,992672.0,1936209.0,3159256.0,2938362.0,3285388.0,2706218.0,2088141.0,2629499.0,1924506.0,2522362.0,2583741.0,1596842.0,1319575.0,2650105.0,3476929.0,4146381.0,4854332.0,4671558.0,4476509.0,3510482.0,4130197.0,3572146.0,3272050.0,1432489.0,2289772.0,4749572.0,4696196.0,5053075.0,5280838.0,5074865.0,4074039.0,4132027.0
TX,55015,-95.745,29.0728,2162957.0,1753223.0,2096381.0,2414376.0,2246868.0,1845558.0,1967573.0,2732709.0,2129514.0,2582116.0,2348288.0,2607239.0,2840553.0,2574946.0,2696359.0,2511834.0,2723590.0,2958520.0,3199023.0,3241870.0,2873595.0,2849466.0,3048705.0,3253149.0,3202897.0,2925374.0,3100844.0,3194185.0,2458611.0,2916963.0,2986471.0,2959612.0,2409839.0,2327765.0,3135551.0,3025282.0,2700078.0,2872877.0,3103046.0,2051078.0,2177955.0,2946622.0,3142861.0,3171850.0,2489928.0,2022790.0,2234853.0,2918255.0,3229777.0,3137138.0,3176959.0,2656136.0,2109068.0,2594849.0,3137464.0,2938250.0,2676847.0,2882694.0,3001000.0
TX,58005,-96.617893,33.582573,2152813.0,1877180.0,526986.0,952483.0,2829474.0,2385275.0,3111630.0,2898212.0,2547783.0,2199571.0,516237.0,781092.0,424658.0,1008827.0,900042.0,457202.0,1158115.0,2417371.0,2791278.0,2883691.0,2780873.0,2615173.0,1286524.0,577290.0,636343.0,1453310.0,647044.0,734211.0,1040240.0,2278906.0,2806574.0,2606541.0,2701680.0,1228112.0,0.0,247813.0,1327804.0,1083044.0,1410031.0,620406.0,2018905.0,2854785.0,3151829.0,3352515.0,2515275.0,1520866.0,1664289.0,1516450.0,1147257.0,1003604.0,1902374.0,1135749.0,991656.0,2153972.0,2804943.0,3406333.0,3399675.0,1522970.0,1687710.0
TX,50973,-93.950984,29.888462,1502116.0,1401464.0,1441306.0,1152161.0,1164830.0,1081951.0,1278144.0,1132584.0,1365514.0,1509690.0,1496068.0,1552147.0,1555978.0,1359015.0,1511493.0,1450709.0,1144839.0,1411637.0,1354853.0,1165650.0,1395378.0,1310987.0,1144448.0,1330417.0,1481567.0,1281133.0,1639205.0,1072230.0,1030406.0,873361.0,1253996.0,1027004.0,1317986.0,1325495.0,1401340.0,1191993.0,1073804.0,1048207.0,1164711.0,1082489.0,1180306.0,975512.0,1306583.0,1282962.0,1476225.0,1527833.0,1482764.0,1353193.0,1568210.0,1305111.0,1131590.0,1089286.0,1347131.0,1223190.0,1084740.0,1305133.0,1504088.0,1643571.0,1647385.0
TX,58001,-97.317222,31.055833,1212026.0,242012.0,2053003.0,2848888.0,4960978.0,4537831.0,4440970.0,3648094.0,3428406.0,2616217.0,1783450.0,1274006.0,644389.0,889482.0,1392248.0,2795992.0,3235989.0,4914856.0,5864606.0,5984565.0,5375199.0,5144534.0,1198767.0,1489680.0,2573459.0,2754865.0,997264.0,3969866.0,3375487.0,4631877.0,5051245.0,5704167.0,5594573.0,1639439.0,2300021.0,2480225.0,2738170.0,3844189.0,1640480.0,4126883.0,4111378.0,6050127.0,6245034.0,6672708.0,6289371.0,4940389.0,31520.0,3042688.0,3097781.0,3766852.0,3423667.0,4724354.0,4669881.0,6374731.0,6021160.0,6542167.0,5826228.0,4513806.0,658627.0
TX,55062,-95.9178,30.5924,2236760.0,1837461.0,1013003.0,2330337.0,2682473.0,2639302.0,2976460.0,2997313.0,2683080.0,855859.0,2690559.0,2537696.0,1654550.0,2353890.0,386652.0,2728754.0,3056691.0,2927219.0,2924786.0,3005925.0,3014846.0,2687919.0,343183.0,700460.0,372188.0,816223.0,0.0,1540340.0,457056.0,2420090.0,3108357.0,2887422.0,2372163.0,3013450.0,571360.0,1054936.0,895762.0,1755381.0,1934611.0,1036452.0,3328113.0,3245471.0,3660669.0,3930817.0,3464267.0,2851434.0,1611097.0,3231806.0,2389342.0,2274060.0,3175006.0,1054086.0,2593320.0,3914201.0,3749191.0,3032284.0,3055987.0,2336144.0,464294.0
TX,56152,-95.395417,28.988761,1141520.0,679384.0,941381.0,285087.0,0.0,4785.0,872666.0,936170.0,839010.0,905862.0,1166306.0,1285573.0,1309796.0,854115.0,693913.0,472771.0,1001811.0,1122162.0,1102180.0,1196622.0,1147610.0,534692.0,866045.0,1066076.0,1239991.0,776382.0,1181382.0,518219.0,1221499.0,1102351.0,1099985.0,1136458.0,1189461.0,982040.0,1248437.0,1276467.0,1321969.0,870781.0,375858.0,650967.0,1238512.0,1222018.0,1171920.0,882266.0,629286.0,73981.0,932479.0,996544.0,1243087.0,1126805.0,1254543.0,897907.0,6.0,705845.0,987402.0,1223365.0,1219498.0,1270636.0,1226496.0
TX,7030,-96.69503,31.091925,227.0,1485.0,1325.0,23285.0,8108.0,3868.0,323.0,19.0,2.0,11674.0,11.0,15.0,28.0,3267.0,15511.0,3435.0,6802.0,6780.0,7109.0,36.0,14865.0,3652.0,2.0,308.0,320.0,31.0,1074.0,17178.0,5674.0,825.0,19.0,0.0,34.0,852.0,8935.0,46.0,395.0,9856.0,20986.0,13358.0,1.0,16486.0,2226.0,10.0,15.0,5926.0,240.0,568.0,101.0,12704.0,795.0,20725.0,397.0,80.0,118.0,261.0,17.0,5244.0,132.0
TX,50625,-94.0753,30.0636,2973369.0,2704003.0,2934295.0,2912338.0,3209373.0,3430767.0,3182229.0,2987157.0,3686032.0,3711778.0,3721657.0,4036821.0,3929884.0,3548285.0,3326835.0,2394905.0,2415997.0,2689361.0,3156575.0,3142212.0,3253834.0,3301041.0,2885414.0,3671189.0,4022026.0,3193485.0,3511643.0,3627102.0,3701289.0,3438894.0,3209580.0,2921516.0,2660779.0,2772737.0,2875668.0,3355532.0,3272328.0,3416433.0,3468372.0,3320486.0,3665327.0,3485694.0,3659746.0,3493956.0,2584547.0,2973187.0,3757380.0,3722829.0,3803442.0,2999889.0,3138375.0,2992219.0,3062437.0,3286310.0,3483149.0,3485453.0,3294093.0,3475481.0,3613654.0
TX,55357,-95.6244,29.4731,1657827.0,1179899.0,1913168.0,464469.0,710236.0,2167654.0,2380430.0,2643059.0,2463375.0,591840.0,0.0,905667.0,1786383.0,1629794.0,2271641.0,2172829.0,1662338.0,2267412.0,2815119.0,2737351.0,2336475.0,1226030.0,1993971.0,1817735.0,1623740.0,1405407.0,649716.0,1693632.0,1529754.0,2339404.0,2657073.0,2708316.0,2114497.0,2112718.0,1130278.0,317103.0,1856921.0,1572747.0,1182123.0,1601571.0,2040244.0,2634837.0,2787599.0,2917895.0,2541773.0,853695.0,2515301.0,2319481.0,1739712.0,1900088.0,1430322.0,2315461.0,2841188.0,2753239.0,2805224.0,2924053.0,2437904.0,555867.0,997793.0
TX,52088,-94.943829,29.378697,1456880.0,1432363.0,1651638.0,1604901.0,1410276.0,1183707.0,1511580.0,2596459.0,1908715.0,1398720.0,1772679.0,1659124.0,1637363.0,1944065.0,1957222.0,1939164.0,1930692.0,1979598.0,1978303.0,1979586.0,1985470.0,1990027.0,1991548.0,1969218.0,1105859.0,1942996.0,1947226.0,1989857.0,1996685.0,1989965.0,1990819.0,1989246.0,1984958.0,1985012.0,1982896.0,1980930.0,1990016.0,1984066.0,1977973.0,1988671.0,1983050.0,1976652.0,1887865.0,2199562.0,1565196.0,965118.0,23665.0,933843.0,1099604.0,1080599.0,1162500.0,1596036.0,1805573.0,1967668.0,2029867.0,2329195.0,1979300.0,1533726.0,968480.0
TX,55187,-95.121744,29.836952,5099339.0,4010194.0,4541487.0,4324979.0,4293821.0,5014573.0,4950064.0,5353051.0,4772737.0,4845325.0,4848736.0,4836886.0,5086705.0,5008428.0,3699847.0,3409461.0,5108905.0,5141325.0,4062955.0,3994349.0,3970216.0,4602116.0,4830317.0,5178516.0,5109343.0,4222433.0,3977787.0,3856497.0,4511342.0,4967614.0,5090960.0,5288005.0,4660237.0,4733979.0,4975936.0,5235443.0,5370564.0,5002772.0,4604911.0,4262715.0,4799464.0,5263240.0,5370994.0,5313280.0,4089855.0,4451278.0,4720958.0,4310751.0,4534280.0,3846368.0,4421577.0,4407048.0,3650859.0,4256050.0,5165788.0,5107848.0,4396430.0,3838720.0,5086789.0
TX,55154,-97.2714,30.1478,1384209.0,900214.0,1759205.0,1013993.0,1869052.0,1858112.0,1799227.0,2418132.0,1573126.0,0.0,843267.0,1896528.0,1720345.0,1629205.0,1997766.0,824524.0,2027875.0,2010282.0,2398466.0,2225262.0,1728137.0,1923182.0,1129681.0,1170555.0,1516561.0,785191.0,640151.0,0.0,58197.0,1464308.0,1998586.0,1796660.0,1637250.0,2004919.0,1399977.0,1381070.0,1804593.0,1456033.0,717692.0,1087678.0,1784059.0,2133697.0,2374978.0,1756723.0,2309430.0,2386222.0,2449621.0,2078856.0,1391960.0,1519739.0,201940.0,1459102.0,2322352.0,2299105.0,2482363.0,2588435.0,2502385.0,2489623.0,2289266.0
TX,55153,-98.1419,29.6244,2801500.0,1670000.0,1304340.0,1530270.0,2397400.0,3782400.0,4569600.0,4441000.0,4460500.0,3549200.0,4176200.0,3626400.0,2977000.0,3581400.0,3864400.0,1770600.0,3121700.0,4138200.0,4925000.0,4594300.0,4083700.0,3646800.0,2706800.0,3245100.0,1552400.0,1114900.0,1169100.0,1896700.0,2587400.0,4084700.0,4536200.0,4748800.0,3799800.0,3227400.0,2239400.0,2316800.0,4061500.0,2810700.0,2542200.0,2569300.0,3491500.0,4291200.0,4497500.0,4826200.0,4543600.0,1609700.0,3826700.0,4145200.0,3587400.0,3564200.0,4063200.0,3329300.0,4061200.0,4696500.0,4995800.0,4858700.0,4871800.0,3805300.0,4062100.0
TX,58151,-96.343333,30.617778,239937.0,218161.0,225791.0,56965.0,150929.0,212863.0,192011.0,272244.0,254213.0,82779.0,121286.0,124159.0,170652.0,177703.0,65529.0,65155.0,33830.0,227442.0,217197.0,257252.0,170166.0,77597.0,81654.0,129280.0,102204.0,51210.0,44397.0,0.0,2934.0,85950.0,256344.0,265569.0,258978.0,51398.0,64507.0,52719.0,73667.0,76237.0,74932.0,90252.0,169045.0,242126.0,271285.0,253402.0,249080.0,80700.0,87976.0,78433.0,103830.0,66947.0,80378.0,97372.0,38816.0,241590.0,252067.0,226569.0,234667.0,101476.0,67394.0
TX,55358,-93.7353,30.2588,4732021.0,4292891.0,2741785.0,1613388.0,4607030.0,4527292.0,4979175.0,5177281.0,4460796.0,4781099.0,4116015.0,4867922.0,4886902.0,4122913.0,2718775.0,2481604.0,4603636.0,4829718.0,4952879.0,2926643.0,1541162.0,2084955.0,4046411.0,4521458.0,4833922.0,3329829.0,1559692.0,2636444.0,3175454.0,3673413.0,2752003.0,2830671.0,1929557.0,3588646.0,4300560.0,4741836.0,4488002.0,3529199.0,2749185.0,4218238.0,4699340.0,4829347.0,4664025.0,4899726.0,4157484.0,2806004.0,3126984.0,4464455.0,4393308.0,2512669.0,2617040.0,3415347.0,3719507.0,4389806.0,4875838.0,4528921.0,3482235.0,1892643.0,2875121.0
TX,4937,-98.3721,30.558,1754448.0,1449880.0,1764606.0,624474.0,1717207.0,1944643.0,2240053.0,2443456.0,1978922.0,1343508.0,2048804.0,2004322.0,2048312.0,2024510.0,2157760.0,1368328.0,1811399.0,2094301.0,2388782.0,2213542.0,2163097.0,1911827.0,1489020.0,2152694.0,2132503.0,1745653.0,1147268.0,2154409.0,1843848.0,1982441.0,2227879.0,2022398.0,1712011.0,1565592.0,1777126.0,1882753.0,2132889.0,1610123.0,1600796.0,1182455.0,2034361.0,2166834.0,2396816.0,2383706.0,1077002.0,67799.0,2000303.0,2203835.0,2150127.0,1778844.0,2086878.0,1124540.0,2015806.0,2295302.0,2388793.0,2410948.0,2318796.0,2030619.0,1923131.0
TX,55664,-94.4367,32.3958,1593814.0,1456340.0,507514.0,308537.0,68982.0,2130124.0,2272629.0,2212369.0,1932344.0,1836257.0,1876035.0,2520089.0,2343785.0,1927525.0,1421192.0,1385572.0,2385964.0,2106759.0,2703122.0,2222017.0,2291470.0,1809826.0,0.0,134057.0,1828013.0,1808365.0,1369220.0,1914744.0,2085162.0,1883266.0,1808338.0,1846905.0,1337206.0,1596165.0,956558.0,2011738.0,2122575.0,1205559.0,472745.0,893039.0,1454715.0,1730396.0,2015520.0,2067242.0,1844263.0,983332.0,2263254.0,2221336.0,2318228.0,2175975.0,938598.0,1345608.0,1952629.0,1284152.0,2387643.0,2456072.0,2398709.0,1376324.0,1310422.0
TX,55299,-95.2319,29.7189,3282841.0,2745049.0,3144238.0,2665201.0,2318418.0,3109599.0,3381980.0,3505745.0,2413491.0,2359714.0,2879483.0,3127229.0,3353100.0,3097865.0,3353099.0,2818767.0,3383614.0,2949033.0,3550892.0,3734679.0,3273225.0,3651004.0,3274225.0,3201902.0,3808897.0,3357433.0,2646964.0,2691581.0,3385988.0,3475091.0,3964166.0,3668749.0,3509686.0,3555974.0,3668606.0,1704734.0,2272222.0,2691321.0,2949842.0,2961027.0,3613876.0,2739694.0,3303711.0,2520989.0,3344733.0,3218449.0,3789190.0,2443483.0,1830881.0,1816157.0,2160000.0,2654830.0,2612654.0,2566298.0,3397604.0,3796834.0,3694821.0,2965192.0,3700436.0
TX,55545,-98.175759,26.34172,1319096.0,1428603.0,1473319.0,1094682.0,1264622.0,1801391.0,2301523.0,2351324.0,2074243.0,1309305.0,1890598.0,1660012.0,1559335.0,926412.0,1135285.0,1742822.0,1085817.0,2034773.0,2189425.0,1679659.0,2128058.0,992250.0,1559659.0,1467091.0,1752879.0,1379378.0,1327746.0,891337.0,1619501.0,1948288.0,2057469.0,2186802.0,1519485.0,1721731.0,652990.0,886259.0,1467753.0,977124.0,372141.0,844019.0,1786640.0,2178182.0,1839803.0,2154006.0,2087176.0,1907127.0,1165128.0,1556102.0,1511692.0,1602304.0,1660977.0,639274.0,1756139.0,1956622.0,2275893.0,2217238.0,2027632.0,1429422.0,1933246.0
TX,55144,-97.9894,29.7806,449191.0,770708.0,1386117.0,1303276.0,2476121.0,2586616.0,3072493.0,3322712.0,2877634.0,2704616.0,1604641.0,1072565.0,323183.0,1223989.0,2218825.0,1480211.0,1257882.0,1822148.0,2884765.0,2721124.0,1202122.0,1448009.0,1282004.0,511102.0,838672.0,1747710.0,1419290.0,1868191.0,718589.0,1641630.0,2530668.0,2826739.0,2316674.0,2886089.0,1728950.0,787870.0,1297838.0,795463.0,735888.0,1085856.0,2170957.0,2835511.0,3720026.0,4126364.0,2793846.0,2391045.0,2276118.0,2087305.0,1329860.0,1555259.0,2237013.0,1945474.0,2749265.0,4140379.0,4445284.0,4899435.0,3890135.0,3295864.0,2755510.0
TX,55230,-97.9574,33.101,2308764.0,2719813.0,2727733.0,953583.0,2656513.0,3456470.0,3585343.0,4316099.0,2687435.0,1629954.0,1092685.0,1531454.0,1411562.0,1121629.0,1739643.0,723891.0,2392176.0,2707083.0,3779003.0,3704563.0,2907114.0,890038.0,1170773.0,1776877.0,2329971.0,1815434.0,2617410.0,1581951.0,2462243.0,3080653.0,3549460.0,3426119.0,2491296.0,1263436.0,833953.0,1011057.0,2011282.0,2828678.0,2406580.0,1272360.0,3945595.0,4377255.0,5045080.0,5105615.0,3979612.0,1828367.0,2814704.0,4224311.0,4139464.0,3600856.0,2198900.0,757903.0,3827379.0,4645246.0,5051014.0,5249116.0,5119469.0,2921657.0,3300465.0
TX,50241,-106.5014,31.7697,0.0,0.0,0.0,0.0,0.0,0.0,0.0,0.0,0.0,0.0,0.0,0.0,0.0,0.0,0.0,0.0,0.0,0.0,0.0,0.0,0.0,0.0,0.0,0.0,0.0,0.0,0.0,0.0,0.0,0.0,1.0,0.0,0.0,0.0,0.0,0.0,0.0,0.0,0.0,0.0,0.0,0.0,0.0,0.0,0.0,0.0,0.0,0.0,0.0,0.0,0.0,0.0,0.0,0.0,0.0,0.0,0.0,0.0,0.0
TX,55097,-95.59,33.6308,3885658.0,3265256.0,4791562.0,3717035.0,3620977.0,4528648.0,4636476.0,4856253.0,4359481.0,2431659.0,3952675.0,4416528.0,4437732.0,4080834.0,2861627.0,4322881.0,4120339.0,3840905.0,4505627.0,4431536.0,4447551.0,3385541.0,3554865.0,4441195.0,4240879.0,3674689.0,3377625.0,2256079.0,3531137.0,3581405.0,3838640.0,3706993.0,3412708.0,3743109.0,2917988.0,3658368.0,3436664.0,2881515.0,1442080.0,2330582.0,3426516.0,3704314.0,4205131.0,4559839.0,3630118.0,2970180.0,2478569.0,2953594.0,2333745.0,2190699.0,2576066.0,1903682.0,2500923.0,4456372.0,4520712.0,5077087.0,3758611.0,3612851.0,3145241.0
TX,55091,-97.0537,32.4302,3299089.0,1515908.0,1846387.0,3292396.0,3640280.0,4055124.0,4601456.0,5207141.0,4827101.0,3909329.0,3276481.0,2728178.0,900297.0,2525514.0,3153716.0,1529674.0,2111520.0,3215612.0,4058064.0,4029467.0,1962212.0,2685697.0,2484876.0,1510613.0,1327259.0,3595013.0,1936066.0,2800124.0,1666378.0,2879702.0,3146850.0,3421071.0,3224116.0,2891465.0,1927126.0,2045218.0,2636985.0,2126058.0,1638323.0,1784974.0,2931755.0,4424550.0,5046295.0,5525542.0,4031730.0,2500411.0,2459307.0,1964614.0,1326870.0,1062648.0,2650230.0,1710015.0,4145355.0,5036916.0,5112608.0,6793000.0,4301639.0,3158280.0,3156759.0
TX,3460,-94.9256,29.75,0.0,0.0,296466.0,1730284.0,2939097.0,3750824.0,2370127.0,4956308.0,4700561.0,2639324.0,146518.0,0.0,0.0,0.0,488715.0,498871.0,2683147.0,611784.0,4568687.0,6085952.0,2780443.0,2825154.0,603395.0,0.0,0.0,1142130.0,410481.0,2347309.0,1719653.0,6083349.0,6468494.0,4778263.0,3912700.0,3453864.0,226833.0,737570.0,362091.0,688792.0,183826.0,969810.0,3000545.0,3166390.0,6254913.0,5925549.0,5552618.0,3051732.0,1273379.0,1007020.0,380754.0,536363.0,828879.0,596463.0,1894673.0,4682707.0,4461919.0,7065390.0,5433106.0,4494128.0,1824201.0
TX,3459,-93.878,30.0242,2582671.0,2043775.0,2229685.0,1099032.0,3243850.0,2574446.0,5243848.0,5855285.0,4701959.0,4350407.0,2383801.0,2602568.0,3095264.0,3713667.0,3234721.0,4683570.0,5603561.0,6967296.0,7291785.0,5222557.0,6178384.0,3381037.0,3063790.0,3662536.0,2796899.0,3410309.0,5238327.0,3169114.0,2322867.0,3592512.0,4558615.0,5034020.0,2974966.0,3164732.0,2432856.0,1390115.0,1332329.0,1260298.0,1737167.0,2198652.0,3418440.0,5029999.0,6568116.0,2732062.0,2579186.0,1271610.0,4239980.0,2031898.0,3411234.0,4121081.0,3052409.0,5216646.0,6507340.0,5987729.0,5349809.0,7205687.0,2745420.0,3005673.0,3139071.0
TX,3457,-95.5214,30.4356,1640227.0,1139302.0,1713783.0,1438368.0,1790799.0,2579550.0,2960881.0,2962866.0,2383715.0,2126043.0,1158700.0,1677147.0,2755911.0,2126263.0,1987475.0,1392160.0,442767.0,2276857.0,2486873.0,2696212.0,2633593.0,2191703.0,1748063.0,1955935.0,1704825.0,1295377.0,503821.0,794669.0,1125637.0,1349817.0,1496318.0,2033014.0,1301434.0,1104376.0,1012378.0,1206156.0,1434823.0,1228543.0,2318833.0,1208526.0,1113675.0,1846985.0,2698205.0,2125432.0,1879041.0,1741358.0,2102825.0,926217.0,205224.0,447038.0,916087.0,970283.0,1363230.0,2282659.0,2839834.0,2953979.0,2589375.0,1850797.0,1253480.0
TX,55086,-97.258417,27.88929,0.0,0.0,0.0,0.0,0.0,284026.0,740626.0,1261869.0,765115.0,341940.0,0.0,0.0,0.0,0.0,0.0,41903.0,775974.0,813776.0,1113103.0,1209283.0,446967.0,0.0,0.0,0.0,0.0,0.0,0.0,27693.0,1017645.0,1544150.0,1424133.0,1652005.0,794314.0,0.0,0.0,11926.0,476772.0,476110.0,537202.0,424544.0,585745.0,756975.0,1478741.0,1082413.0,259208.0,25501.0,66901.0,63063.0,80122.0,139032.0,31546.0,15123.0,139180.0,425439.0,632941.0,1574887.0,1138029.0,305648.0,0.0
TX,7512,-98.384045,29.257046,1993238.0,879054.0,1595443.0,1981142.0,2039123.0,2055959.0,2257860.0,2266104.0,2124122.0,2261105.0,1978140.0,2136047.0,2136542.0,2080320.0,1621875.0,0.0,1984737.0,2166916.0,2332777.0,2248506.0,1206089.0,2351809.0,2058273.0,2074171.0,411806.0,1073833.0,2019479.0,1583365.0,1908598.0,1982027.0,2073860.0,2227280.0,1281349.0,1084173.0,1789883.0,1583924.0,1747440.0,1653431.0,199889.0,69.0,996845.0,2212093.0,2336226.0,2300368.0,2212236.0,1906287.0,1997261.0,784018.0,1462618.0,1670299.0,1510526.0,46516.0,2424956.0,2357359.0,2420637.0,2497472.0,2049817.0,818869.0,963748.0
TX,3482,-101.7392,33.5239,1152124.0,1162176.0,1819808.0,1439364.0,2688988.0,2453181.0,4289346.0,4011767.0,1772650.0,2087986.0,1421697.0,2352552.0,2453970.0,2483245.0,2318610.0,2277500.0,1455087.0,2640190.0,4085458.0,3774723.0,2287154.0,2640646.0,1067718.0,1076959.0,947455.0,660193.0,82039.0,1139550.0,680002.0,1918506.0,2093359.0,1851966.0,874387.0,1221017.0,837199.0,710795.0,863808.0,597683.0,949596.0,844681.0,887751.0,1364873.0,2467417.0,2369022.0,1591630.0,2256119.0,1289061.0,1849606.0,1803116.0,1059227.0,1088078.0,680430.0,742879.0,1597433.0,2578828.0,3411174.0,1925175.0,1701077.0,1942546.0
TX,52120,-95.407481,28.991289,3301364.0,2730082.0,2546389.0,2315113.0,2313045.0,2384487.0,3123568.0,3219358.0,2742151.0,2575029.0,2731825.0,2737405.0,3235797.0,2965998.0,2897000.0,2304759.0,2574636.0,2825537.0,3045936.0,3199292.0,3018046.0,2648258.0,2274582.0,2500765.0,2915712.0,1465499.0,1329915.0,1631249.0,2535129.0,2852328.0,3414157.0,3430680.0,3136166.0,2485845.0,2456152.0,3296052.0,3012214.0,2283170.0,1869716.0,2123200.0,2382001.0,2393694.0,2434798.0,2570824.0,2473853.0,1921921.0,1599117.0,2182121.0,1811081.0,1625588.0,1782964.0,1662022.0,1836942.0,1769454.0,1314608.0,1557949.0,1731845.0,1795375.0,1686930.0
TX,55123,-98.19,26.3403,2089321.0,675717.0,550132.0,897712.0,1592267.0,2906841.0,2475680.0,3217245.0,3185929.0,2497123.0,0.0,0.0,0.0,890844.0,2079237.0,2437461.0,2157035.0,2796173.0,3130771.0,2430043.0,2930494.0,2266681.0,870648.0,832762.0,1020074.0,1087638.0,137542.0,1466111.0,1452588.0,2608977.0,2924105.0,2656559.0,2417296.0,2095111.0,1154852.0,265839.0,784091.0,1066243.0,893727.0,915067.0,646531.0,1272891.0,2617603.0,2875149.0,2902039.0,1355215.0,532726.0,1691482.0,573191.0,248798.0,0.0,1980593.0,2794577.0,2751028.0,2402675.0,2920233.0,2109920.0,1458175.0,2385847.0
TX,3491,-97.2192,32.7283,274693.0,40832.0,179298.0,358892.0,392313.0,544868.0,904488.0,3395022.0,1523756.0,661773.0,316810.0,42185.0,24400.0,220869.0,645770.0,354362.0,416432.0,954556.0,1019342.0,2416663.0,83525.0,1438310.0,58598.0,39269.0,16223.0,869857.0,361638.0,840265.0,782461.0,2728709.0,1749507.0,3040061.0,1574389.0,1167820.0,349064.0,252507.0,266985.0,596673.0,344472.0,716284.0,1687303.0,2086630.0,3458782.0,2117558.0,992132.0,577370.0,541186.0,564193.0,321002.0,582040.0,677099.0,558667.0,1626125.0,3139484.0,4345049.0,5434592.0,2206923.0,450214.0,513788.0
TX,3612,-98.3825,29.2567,180188.0,149292.0,269747.0,328783.0,496902.0,780417.0,1877249.0,3245771.0,2359534.0,1219990.0,311858.0,81101.0,17226.0,95665.0,846248.0,1104763.0,494928.0,491658.0,1652632.0,2137487.0,966982.0,1282840.0,341532.0,80988.0,315504.0,859833.0,54689.0,245568.0,276212.0,1228727.0,1832443.0,1858815.0,1355917.0,1701147.0,578266.0,27099.0,794974.0,742776.0,1190560.0,1384755.0,1826229.0,1780969.0,2538173.0,2432894.0,1746548.0,1364953.0,1252587.0,1557640.0,180787.0,229733.0,589659.0,1239064.0,1840653.0,2057837.0,2687546.0,4087028.0,2325603.0,1138109.0,1635080.0
TX,3456,-106.431777,31.983587,2018284.0,1949352.0,1592247.0,1283374.0,2507653.0,3106098.0,3280901.0,3403435.0,3129253.0,2848006.0,2196173.0,2325787.0,2031850.0,1782801.0,1851764.0,1903370.0,2440282.0,2975001.0,3312540.0,2978331.0,3018549.0,2006999.0,1876333.0,1971622.0,1516620.0,1197460.0,1183259.0,1663822.0,2593537.0,3003412.0,3319132.0,3032468.0,3255115.0,2833861.0,2163713.0,2393048.0,1998312.0,1549387.0,1857270.0,2317847.0,2998911.0,3312785.0,3430840.0,3358191.0,3245315.0,2698046.0,2189261.0,2111739.0,1607586.0,1378938.0,1486769.0,2028473.0,3133029.0,3374855.0,3573182.0,3476371.0,2990990.0,2556587.0,2467598.0
TX,10789,-93.7579,30.0552,2530249.0,2182727.0,2291035.0,2393251.0,2326997.0,2333342.0,2312098.0,2371083.0,2211854.0,1856459.0,2002289.0,2186135.0,2431571.0,2207973.0,2488493.0,2301024.0,1803140.0,1980973.0,2356446.0,2086946.0,374128.0,512959.0,528358.0,2307394.0,2505615.0,1413218.0,2447444.0,2274895.0,2025840.0,2439066.0,2435492.0,2395090.0,2514073.0,2523985.0,2640548.0,2694543.0,2610689.0,2485949.0,2540207.0,1918695.0,1838149.0,1978993.0,2661010.0,2654980.0,2610037.0,2656379.0,2563411.0,2362757.0,2219090.0,2380208.0,2376982.0,1889372.0,1842222.0,1834065.0,2048741.0,2258293.0,2489806.0,2578352.0,1973128.0
TX,3470,-95.6311,29.4828,72766.0,233291.0,279074.0,123735.0,724580.0,1282579.0,2141997.0,3846234.0,2469336.0,991455.0,156883.0,83925.0,47989.0,52806.0,363991.0,306157.0,551785.0,942614.0,3038989.0,2591043.0,675856.0,1473347.0,780099.0,225752.0,125438.0,1253657.0,1049546.0,2041982.0,1578849.0,3466763.0,3349648.0,3350241.0,1930296.0,1733771.0,63683.0,199956.0,484243.0,1007684.0,988585.0,1235389.0,2663062.0,2707608.0,3775567.0,2921796.0,1184052.0,899402.0,1264045.0,500024.0,326797.0,453081.0,883685.0,377710.0,1311746.0,2458290.0,3245109.0,3567526.0,3717922.0,819653.0,846882.0
TX,55139,-97.731686,32.33422,665369.0,44213.0,41714.0,896207.0,2286553.0,2110273.0,2707599.0,2964669.0,2474099.0,798916.0,537549.0,455052.0,390294.0,728435.0,1554872.0,944323.0,37934.0,1719159.0,2956868.0,3154311.0,1609476.0,1052440.0,461343.0,509082.0,1514856.0,435990.0,924423.0,1347850.0,357421.0,2172269.0,2851451.0,2920278.0,1370111.0,1692831.0,1157356.0,0.0,0.0,857618.0,790150.0,426637.0,1486154.0,2113288.0,2660734.0,2813189.0,2179629.0,1387118.0,2200498.0,1095989.0,1354696.0,1102979.0,840763.0,1009364.0,2431656.0,2929677.0,3422529.0,3266133.0,3261783.0,1934282.0,437558.0
TX,55137,-97.973215,29.593056,2626405.0,899132.0,822887.0,1620486.0,2299512.0,3009850.0,3374845.0,3469326.0,3060959.0,3199715.0,3168362.0,1738721.0,3034333.0,77.0,2323238.0,2924548.0,2700758.0,3092338.0,3491489.0,3342086.0,3328636.0,1645224.0,417432.0,2894519.0,3138656.0,2469215.0,925267.0,2712211.0,2560188.0,3163480.0,3512171.0,3816424.0,3693741.0,1.0,52830.0,2612038.0,3632194.0,2870990.0,1376625.0,2467063.0,3581693.0,1318503.0,1671923.0,3483033.0,3569277.0,3081444.0,1933171.0,3700284.0,3406443.0,1341454.0,0.0,556304.0,3595112.0,3625473.0,3815167.0,3840887.0,3622983.0,3414357.0,1252483.0
TX,55320,-97.9103,33.0583,2412324.0,2226767.0,1110527.0,381688.0,419212.0,1143612.0,2052245.0,2824523.0,2596528.0,1991552.0,1375245.0,2128382.0,2100595.0,2070314.0,2412107.0,810191.0,107843.0,505947.0,2353072.0,2289998.0,1682430.0,1234421.0,1378583.0,1469291.0,1972376.0,1970056.0,0.0,0.0,598066.0,1873250.0,2408821.0,1969477.0,2105045.0,1640117.0,1349427.0,1301132.0,299009.0,265898.0,1152236.0,1610948.0,1914431.0,2398125.0,2860040.0,3223404.0,2526905.0,1682124.0,1165953.0,2147797.0,1180887.0,1239710.0,1852121.0,1628355.0,966964.0,2843310.0,3022702.0,3408226.0,2677780.0,1633789.0,1983442.0
TX,60264,-94.98483,29.49233,17092.0,48893.0,93366.0,78962.0,66495.0,113253.0,401967.0,647502.0,450019.0,156036.0,5211.0,712.0,1698.0,10370.0,101326.0,25161.0,52590.0,66577.0,362373.0,453573.0,96128.0,278258.0,113753.0,33050.0,23516.0,589312.0,144916.0,193502.0,169701.0,219059.0,176249.0,95646.0,95739.0,137834.0,39951.0,41293.0,18837.0,23744.0,31287.0,255256.0,297267.0,325093.0,213034.0,238066.0,113424.0,68321.0,145731.0,60356.0,31684.0,22291.0,58853.0,77187.0,191699.0,369248.0,665228.0,1255797.0,414465.0,111757.0,30659.0
TX,7097,-98.3203,29.309722,24968.0,25483.0,13857.0,26341.0,17435.0,9170.0,5276.0,5369.0,1971.0,3857.0,24256.0,34864.0,109022.0,89298.0,69650.0,55398.0,44987.0,11253.0,20811.0,14872.0,37997.0,16612.0,30429.0,46752.0,46225.0,104210.0,220583.0,135502.0,245123.0,53800.0,27865.0,41147.0,27406.0,6934.0,578.0,37897.0,21434.0,35219.0,36132.0,38406.0,17248.0,27454.0,7036.0,2445.0,6647.0,2767.0,3208.0,10903.0,3541.0,7745.0,9674.0,7418.0,7960.0,7952.0,2459.0,11126.0,11938.0,1016.0,5701.0
TX,54676,-95.342,28.9802,1830900.0,1667300.0,2336300.0,2375400.0,2231700.0,1777400.0,2230800.0,2237000.0,2104200.0,1901500.0,2089900.0,2415400.0,2084300.0,2008200.0,2298700.0,2009300.0,2286200.0,2182200.0,2198000.0,2300600.0,2180800.0,2001300.0,2228200.0,2335700.0,1967900.0,1256100.0,1663400.0,2148600.0,1785600.0,1771700.0,2176500.0,2078400.0,2009200.0,2174300.0,2227100.0,2235800.0,2093800.0,1629700.0,2260600.0,2183300.0,2155500.0,2009400.0,2102200.0,2084700.0,1917100.0,2132500.0,2060800.0,2277300.0,2141500.0,1613400.0,1847200.0,2039900.0,2054500.0,1946200.0,2061900.0,2077100.0,2004900.0,2103599.0,2132799.0
TX,50304,-95.128856,29.723185,1153680.0,1112096.0,720607.0,948634.0,1313592.0,1130106.0,1235869.0,1252646.0,1254994.0,1288113.0,1286812.0,1324262.0,1055259.0,1230229.0,1309439.0,1117121.0,1308506.0,1241971.0,1250062.0,1256058.0,1228062.0,1272352.0,1271300.0,1350695.0,1217652.0,863692.0,1499831.0,1469460.0,1502424.0,1323557.0,1216002.0,1264244.0,1230254.0,1262534.0,1220052.0,1290489.0,949555.0,1181319.0,1202197.0,1277222.0,1272046.0,1187273.0,1266224.0,1270379.0,1234545.0,1305611.0,1286544.0,1314494.0,1058422.0,1031769.0,1338465.0,1203273.0,1228594.0,1227720.0,1264054.0,999210.0,1229126.0,1310547.0,1301596.0
TX,50043,-95.0839,29.7314,1187164.0,1067992.0,1342872.0,1435083.0,1286779.0,1427502.0,1709239.0,1708613.0,1700495.0,1689470.0,1774304.0,1659662.0,1666236.0,1364057.0,1434280.0,1220610.0,1411660.0,1521324.0,1644298.0,1645455.0,1639880.0,1601510.0,1683928.0,1722973.0,1623197.0,1266697.0,1137788.0,715623.0,1661841.0,1659336.0,1703066.0,1701784.0,1611537.0,1617402.0,1462255.0,1378349.0,1616451.0,1459899.0,1679881.0,1548247.0,1724860.0,1671000.0,1759421.0,1743888.0,1675149.0,1446842.0,1664808.0,1341929.0,1431547.0,1220609.0,1298345.0,964807.0,1403021.0,1593769.0,1559138.0,1737475.0,1648380.0,1518634.0,1516054.0
TX,298,-96.2525,31.4219,48367.0,66766.0,15438.0,38506.0,20564.0,36623.0,31350.0,7010.0,27833.0,40201.0,35631.0,61588.0,72693.0,50038.0,87386.0,91699.0,97311.0,65227.0,75961.0,27033.0,21336.0,0.0,61793.0,40441.0,20253.0,67617.0,3131.0,706.0,84421.0,50466.0,9473.0,30612.0,20771.0,20427.0,27756.0,3776.0,11642.0,35892.0,10148.0,55628.0,22036.0,39236.0,1419.0,1941.0,58330.0,56727.0,30219.0,29503.0,56225.0,32643.0,32173.0,77760.0,61975.0,1753.0,26217.0,4509.0,5497.0,47590.0,50527.0
TX,6180,-96.4866,31.1803,229769.0,70875.0,65169.0,83276.0,65169.0,58064.0,78316.0,30678.0,60152.0,69080.0,69285.0,61139.0,108685.0,81190.0,114771.0,92262.0,103127.0,31965.0,70968.0,82877.0,81885.0,84293.0,46950.0,102930.0,83645.0,360369.0,119304.0,174969.0,186995.0,30066.0,90822.0,24222.0,50821.0,60447.0,54194.0,40695.0,92508.0,75731.0,93301.0,64795.0,36232.0,36534.0,121985.0,135478.0,19850.0,54589.0,34739.0,67592.0,34414.0,34244.0,84465.0,62347.0,196821.0,301727.0,578628.0,928494.0,729180.0,384253.0,450541.0
TX,50404,-96.8333,28.5707,0.0,0.0,0.0,0.0,0.0,0.0,0.0,0.0,0.0,0.0,0.0,0.0,0.0,0.0,0.0,0.0,0.0,0.0,0.0,0.0,0.0,0.0,0.0,0.0,0.0,0.0,0.0,0.0,0.0,0.0,0.0,0.0,0.0,0.0,0.0,0.0,0.0,0.0,0.0,0.0,0.0,0.0,0.0,0.0,0.0,0.0,0.0,0.0,0.0,0.0,0.0,0.0,0.0,0.0,0.0,0.0,0.0,0.0,0.0
TX,10554,-96.5417,28.6917,2278905.0,1912101.0,1887989.0,1735456.0,2186771.0,2296744.0,2338071.0,2188349.0,2144265.0,1825578.0,2016213.0,2402972.0,2596795.0,2500154.0,2566319.0,2660789.0,2791126.0,2129881.0,1759478.0,2182978.0,2286958.0,2631336.0,2385214.0,2290688.0,2163343.0,1756783.0,2587561.0,2538157.0,2147169.0,2490631.0,2635301.0,2594842.0,2713007.0,2442223.0,2258743.0,2633963.0,2031298.0,1433195.0,2341508.0,2311627.0,2390962.0,2373280.0,2510742.0,2399658.0,2411977.0,2592791.0,2559041.0,2432691.0,2500808.0,3036461.0,3531294.0,1852080.0,2881964.0,3159928.0,3389102.0,3203664.0,3029553.0,3193500.0,3302625.0
TX,50815,-95.10773,29.8161,3078397.0,2829335.0,2981064.0,2618174.0,3118454.0,3130669.0,3402734.0,3318588.0,3109924.0,2841454.0,2871607.0,3137752.0,3138000.0,2913032.0,3105029.0,3037502.0,3177563.0,3223759.0,3447202.0,3329855.0,3185215.0,2981036.0,2895075.0,3179793.0,3080707.0,2562354.0,3013181.0,2991567.0,3151350.0,3178286.0,3398287.0,3376343.0,2987923.0,2802475.0,2568692.0,2843657.0,2933753.0,2604018.0,2834907.0,2646884.0,1528515.0,3144259.0,3407794.0,3543499.0,3154179.0,2843416.0,3064913.0,2988111.0,3024690.0,2811811.0,2997567.0,3012644.0,3401167.0,3443867.0,3545860.0,3767413.0,3555807.0,3434202.0,3104838.0
TX,55480,-96.4916,32.7563,6845846.0,5803984.0,4542158.0,2591575.0,5654635.0,7717713.0,8273370.0,8004115.0,6753184.0,7313603.0,4636166.0,7275648.0,7356782.0,6010620.0,2042091.0,4236534.0,6995168.0,6466686.0,7551774.0,7157296.0,7122506.0,7300226.0,6806657.0,4637570.0,3555037.0,4058575.0,3801069.0,3536787.0,5999418.0,5620948.0,6104876.0,6402309.0,6005387.0,6628146.0,5473195.0,6193362.0,6431809.0,4809754.0,2304696.0,2473029.0,4918337.0,6161649.0,7433510.0,7850025.0,6214175.0,6179477.0,5415775.0,5248053.0,4110750.0,3982286.0,3673269.0,6498439.0,8207087.0,7577996.0,7646250.0,8650566.0,7047450.0,6488033.0,4888768.0
TX,55470,-94.932773,29.378097,3067540.0,2621373.0,2884647.0,3494864.0,3221115.0,3312495.0,3611632.0,3557510.0,2437797.0,3456268.0,3693500.0,3843307.0,3869891.0,3620964.0,3292345.0,2972668.0,2463258.0,2326619.0,3042613.0,3792194.0,3936680.0,3254525.0,3399063.0,3862212.0,3878330.0,2616720.0,2650456.0,3521503.0,3547200.0,3394139.0,3510066.0,3519674.0,3575155.0,3130361.0,3755836.0,3684441.0,3803987.0,3169387.0,3504202.0,2405828.0,2957007.0,3220470.0,3537519.0,3453990.0,2405085.0,2966791.0,3488816.0,3400202.0,3673725.0,3403457.0,3689798.0,2538371.0,3671234.0,3476061.0,3639050.0,2893053.0,2582031.0,2411800.0,3183784.0
TX,55464,-95.134508,29.713414,6514344.0,4393321.0,6156390.0,5513629.0,5001196.0,6267050.0,6669269.0,7096784.0,6029422.0,6226859.0,5531790.0,5711368.0,6265705.0,6171195.0,6583146.0,5006300.0,5564874.0,6235248.0,7304951.0,7349086.0,6838794.0,5889862.0,5541619.0,6170308.0,6154093.0,5393831.0,5325110.0,5620615.0,6068215.0,6207028.0,6926885.0,6727326.0,6388279.0,6426598.0,5297978.0,6206185.0,6795054.0,5605406.0,4874479.0,4212133.0,4576500.0,5755604.0,7340491.0,7269841.0,6694330.0,6748108.0,5730938.0,6574401.0,6176064.0,6334126.0,5978734.0,4770696.0,5593558.0,6893362.0,4757162.0,6417214.0,6768395.0,4659717.0,5343079.0
TX,55327,-94.9019,29.7731,3065170.0,2761870.0,2395667.0,2970428.0,2882040.0,2993236.0,2882859.0,3924012.0,3742010.0,3293486.0,3037636.0,3106858.0,3181483.0,2920913.0,2899732.0,3222812.0,3267925.0,3191079.0,3833128.0,3833467.0,3203602.0,2941899.0,2500953.0,3137850.0,2656003.0,2274183.0,2122599.0,2848148.0,3410974.0,3481102.0,3835758.0,3855934.0,3497303.0,3340047.0,2464833.0,3172734.0,3527598.0,2283712.0,1639108.0,1290367.0,1408911.0,1788742.0,1905820.0,1922303.0,2281754.0,705624.0,1057744.0,1799584.0,2843429.0,3138583.0,3110133.0,3181262.0,2733755.0,3416248.0,3799431.0,3977752.0,3205644.0,2971937.0,3384130.0
TX,55313,-97.242778,27.882778,2296570.0,1826575.0,1705322.0,2066966.0,2312889.0,2164328.0,2274657.0,2090963.0,2175380.0,1854979.0,2230598.0,2283746.0,2300103.0,2167450.0,2202053.0,1825234.0,2213875.0,2121356.0,2299687.0,2242600.0,2126616.0,1574510.0,1930307.0,2251289.0,2292747.0,1348041.0,2037497.0,1141240.0,1640434.0,2005856.0,2214012.0,2180484.0,2102944.0,1652092.0,2146860.0,2187859.0,2230980.0,2040674.0,2047513.0,2025976.0,1830611.0,2181172.0,2248354.0,2213019.0,1529686.0,2337153.0,2265800.0,2199431.0,2237559.0,2034711.0,2384657.0,1952073.0,2162073.0,2315991.0,2349776.0,2362181.0,2029408.0,1033652.0,766132.0
TX,55226,-96.1131,31.8907,4743471.0,3561120.0,4665869.0,3625299.0,3991848.0,4747578.0,4630698.0,4834604.0,4623812.0,4324850.0,3519945.0,4866441.0,4767980.0,3926565.0,1730112.0,2236305.0,3586669.0,4598133.0,4893405.0,4858802.0,4766048.0,4347870.0,3935225.0,4335958.0,3446366.0,3050166.0,1224100.0,1809620.0,2420646.0,4531113.0,4739636.0,4727180.0,4567356.0,3378648.0,2870123.0,3497713.0,4826635.0,3267792.0,828758.0,672949.0,4402681.0,4649454.0,4815088.0,4926300.0,4597316.0,4983716.0,2612610.0,4354897.0,4003428.0,3878356.0,4668457.0,3756975.0,4272653.0,4549674.0,4889542.0,4918080.0,4774060.0,4150785.0,4228328.0
TX,55132,-94.619743,32.017826,1194009.0,1011496.0,0.0,1197581.0,3623099.0,3508860.0,3522256.0,3509029.0,3681028.0,2623957.0,1125314.0,2900206.0,3103423.0,2506176.0,0.0,2334823.0,3229396.0,3289303.0,3983549.0,3314378.0,3038404.0,1637405.0,998534.0,2529922.0,2525514.0,1917464.0,0.0,432925.0,2834021.0,3452681.0,3607653.0,3476445.0,3247108.0,231644.0,802629.0,1438907.0,2596110.0,2148801.0,0.0,1309228.0,3229073.0,3587559.0,2983395.0,3773491.0,3532614.0,1490443.0,1780207.0,2740387.0,1868694.0,1897047.0,0.0,0.0,702039.0,1237097.0,3917842.0,3961504.0,3479346.0,2162076.0,1007676.0
TX,55176,-94.6903,32.4481,2137127.0,2041277.0,1818654.0,1767674.0,2098918.0,2246675.0,2366218.0,1891285.0,1829880.0,2124239.0,1786468.0,2512904.0,2208689.0,2284272.0,2386847.0,1744516.0,1999017.0,2076507.0,2146254.0,2139612.0,1877755.0,757594.0,2150730.0,2183656.0,2187736.0,1312635.0,1914485.0,2025524.0,1964901.0,1984523.0,2061993.0,1943962.0,1587922.0,1131185.0,1274586.0,1384747.0,1257943.0,1830033.0,1813242.0,1702847.0,1929716.0,1986732.0,1577080.0,1939879.0,1843675.0,2304852.0,2185015.0,1625179.0,2205077.0,2137584.0,2329721.0,332173.0,2078476.0,2275057.0,2188810.0,1929280.0,1992056.0,2137034.0,2257761.0
TX,55172,-97.3586,31.8594,2683723.0,2078009.0,1953994.0,1888521.0,2876909.0,2115898.0,3377034.0,3246116.0,2266390.0,1109500.0,2709059.0,2927291.0,2672453.0,1750706.0,2392604.0,2688198.0,2889468.0,3067353.0,3558214.0,3519912.0,3354125.0,1775212.0,956551.0,1722285.0,2258873.0,1948432.0,1361524.0,2245699.0,2709020.0,3093828.0,3310214.0,3318906.0,2828137.0,1620489.0,1964180.0,1934824.0,2768531.0,2185074.0,2142593.0,1602566.0,3030026.0,3352991.0,3494259.0,3638146.0,3367591.0,1958929.0,2204787.0,2654618.0,2383858.0,1882365.0,3055436.0,1303486.0,2473332.0,3418974.0,3581322.0,3666825.0,3459941.0,2781400.0,2548171.0
TX,55168,-97.55,30.1458,61952.0,1274076.0,1734186.0,1456070.0,1555625.0,1793055.0,1851383.0,2448478.0,1933211.0,478861.0,1655332.0,1600389.0,1673663.0,1626995.0,1043559.0,1830638.0,2250446.0,2308633.0,2496156.0,2079790.0,1504421.0,773676.0,1345643.0,1042503.0,1003363.0,932466.0,357021.0,1490139.0,1097430.0,1765965.0,1955252.0,1756535.0,1514154.0,990359.0,257487.0,1473007.0,1808026.0,1152582.0,369298.0,831125.0,1925604.0,2352228.0,2883681.0,2819204.0,2299538.0,1376956.0,2376415.0,1283259.0,1432672.0,1491810.0,2155273.0,1586733.0,2984299.0,1547490.0,2617695.0,2880327.0,2098879.0,2238830.0,1046399.0
TX,10298,-95.0458,29.6225,2579090.0,2343324.0,2485940.0,2385756.0,2432707.0,2150378.0,2467385.0,2441930.0,2392768.0,2273325.0,2283660.0,2319795.0,2708225.0,2301123.0,2487050.0,2250277.0,2257153.0,2434436.0,2536990.0,2528432.0,2437089.0,2451003.0,2566748.0,2592774.0,2701105.0,1340635.0,1659562.0,2399851.0,2460800.0,2540224.0,2502774.0,2400630.0,2490325.0,2566310.0,3039221.0,2671072.0,2776827.0,2469036.0,2715668.0,2607162.0,2689685.0,2571149.0,2668166.0,2691796.0,2592031.0,2381916.0,2389509.0,2554787.0,2554067.0,2125336.0,2773090.0,2344996.0,2429567.0,2249957.0,2607668.0,2715939.0,2567680.0,2411319.0,2642208.0
TX,56350,-96.0683,29.2878,1556644.0,852748.0,1084444.0,1031185.0,1382392.0,2393519.0,2498140.0,2501948.0,2387302.0,1049725.0,362842.0,200842.0,526090.0,1413596.0,1560799.0,1886084.0,1041554.0,2376582.0,2769363.0,2650798.0,1561887.0,1583369.0,840138.0,702132.0,1322820.0,1572311.0,1065016.0,1185599.0,1278850.0,1838633.0,1777389.0,2689151.0,1794587.0,2057798.0,615141.0,708651.0,976501.0,843461.0,846324.0,652134.0,495635.0,948366.0,2129245.0,2400033.0,1963409.0,1745737.0,678154.0,931824.0,585078.0,483262.0,929852.0,856120.0,2699626.0,2673570.0,2820166.0,3016973.0,2675077.0,1075878.0,1343055.0
TX,58870,-95.194722,29.739444,0.0,0.0,0.0,0.0,0.0,0.0,0.0,0.0,0.0,0.0,0.0,0.0,0.0,0.0,0.0,0.0,0.0,0.0,0.0,0.0,0.0,0.0,0.0,0.0,0.0,0.0,0.0,0.0,0.0,0.0,0.0,0.0,0.0,0.0,0.0,0.0,0.0,0.0,0.0,0.0,0.0,0.0,0.0,0.0,0.0,0.0,0.0,0.0,0.0,0.0,0.0,0.0,0.0,0.0,0.0,0.0,0.0,0.0,0.0
TX,50153,-94.946477,29.37612,0.0,0.0,0.0,0.0,0.0,0.0,0.0,0.0,0.0,0.0,0.0,0.0,0.0,0.0,0.0,0.0,0.0,0.0,0.0,0.0,0.0,0.0,0.0,0.0,0.0,0.0,0.0,0.0,0.0,0.0,0.0,0.0,0.0,0.0,0.0,0.0,0.0,0.0,0.0,0.0,0.0,0.0,0.0,0.0,0.0,0.0,0.0,0.0,0.0,0.0,0.0,0.0,0.0,0.0,0.0,0.0,0.0,0.0,0.0
TX,7900,-97.6129,30.2098,1067301.0,927681.0,248464.0,267667.0,1171115.0,1176462.0,1490838.0,1795816.0,1533091.0,1029426.0,688905.0,1030799.0,973722.0,1000216.0,921381.0,987163.0,1109776.0,1172191.0,1266083.0,1486884.0,1129444.0,660589.0,977168.0,1105691.0,1038938.0,1261712.0,1018414.0,500382.0,765895.0,1346157.0,1305519.0,1269843.0,1174113.0,1231450.0,256061.0,106551.0,101525.0,633587.0,1050470.0,1010537.0,1315052.0,1418688.0,1751978.0,1746121.0,1268809.0,1210960.0,726365.0,1245839.0,1102986.0,1077565.0,1173751.0,1125464.0,780423.0,1050011.0,2094675.0,2306746.0,1843473.0,1488883.0,455239.0
FL,628,-82.6977,28.9656,6240759.0,5360557.0,6820501.0,4866101.0,4732300.0,7045258.0,6750455.0,6828824.0,6944975.0,6871511.0,1490807.0,7610634.0,7273963.0,5345542.0,7297182.0,6723035.0,6336307.0,7041475.0,7258484.0,7243775.0,6597511.0,3667960.0,5427190.0,7194543.0,7493634.0,4161105.0,4322389.0,3599859.0,6179804.0,6189964.0,7123899.0,7276530.0,6707415.0,5785964.0,7303417.0,7316146.0,7556535.0,5802392.0,6591526.0,4867992.0,5103306.0,7147139.0,7478660.0,7430963.0,4867686.0,4981931.0,6255340.0,7219052.0,7180287.0,6574304.0,5963624.0,5709274.0,6261399.0,7332378.0,7584980.0,7058705.0,7489331.0,7492671.0,5675759.0
FL,50310,-87.2361,30.4736,39.0,9.0,1.0,5.0,36.0,1.0,53.0,19.0,58.0,63.0,4.0,22.0,37.0,28.0,55.0,82.0,1.0,8.0,10.0,39.0,927.0,278.0,0.0,50.0,6.0,1.0,31.0,7.0,0.0,73.0,22.0,26.0,13.0,13.0,0.0,165.0,17.0,46.0,52.0,1.0,5.0,4.0,76.0,0.0,0.0,24.0,1.0,187.0,0.0,10.0,9.0,2.0,105.0,0.0,0.0,19.0,12.0,0.0,127.0
FL,6043,-80.5628,27.0536,4003693.0,5541013.0,6586340.0,7067685.0,7854458.0,7963550.0,7874577.0,7844895.0,8153444.0,8279406.0,5872544.0,4365688.0,4446834.0,3748985.0,7291442.0,7143961.0,6147266.0,6916466.0,7858038.0,8081162.0,7616821.0,8468436.0,5771945.0,3749509.0,3512246.0,3910934.0,4775901.0,6142376.0,7715398.0,7003323.0,7535649.0,7948481.0,6376573.0,5811793.0,4204385.0,3841357.0,4365987.0,3963627.0,5494279.0,6195680.0,6522011.0,5894419.0,7083598.0,7198010.0,6773165.0,5319234.0,3977452.0,3845066.0,3384159.0,2581194.0,5637297.0,5963451.0,6001188.0,6174651.0,6686205.0,6807846.0,5676057.0,4943625.0,3254598.0
FL,6042,-82.3456,27.6058,4483527.0,5288286.0,6993507.0,7295633.0,9213078.0,8307782.0,8226549.0,7578819.0,7910383.0,7459515.0,4157368.0,4463221.0,2932213.0,4898296.0,7075246.0,6841463.0,5725402.0,8080737.0,8522438.0,8104344.0,7199710.0,8707329.0,4387037.0,3444309.0,3101988.0,3796955.0,6013035.0,5718189.0,6425090.0,5833487.0,6376154.0,6995957.0,7414948.0,7289288.0,5478259.0,3538604.0,3686821.0,3234708.0,4059396.0,2449062.0,3939185.0,3980896.0,4430627.0,4360922.0,3979077.0,4005558.0,3459520.0,3846828.0,3337800.0,3342416.0,4195635.0,4393547.0,4211120.0,4380640.0,4734591.0,4859864.0,4649878.0,4707732.0,2023284.0
FL,55414,-82.558611,28.3665,62152.0,11156.0,88855.0,170530.0,361936.0,330630.0,363510.0,6657.0,266154.0,595424.0,403376.0,35811.0,12879.0,19832.0,444029.0,240846.0,26794.0,425228.0,215980.0,52123.0,103535.0,372437.0,143691.0,183180.0,0.0,204.0,203720.0,70980.0,402707.0,471338.0,378927.0,619950.0,499292.0,529659.0,10834.0,34061.0,48170.0,95.0,169286.0,312649.0,1242628.0,1258317.0,1392298.0,1113196.0,1199212.0,477114.0,291204.0,122967.0,0.0,0.0,268591.0,300556.0,116345.0,111872.0,182803.0,359478.0,185319.0,41886.0,30026.0
FL,55412,-81.8083,28.0525,337657.0,327806.0,233695.0,891324.0,2150065.0,1898276.0,1949854.0,2003843.0,1944033.0,1989748.0,1937629.0,118812.0,530496.0,108291.0,0.0,769276.0,2011628.0,1995895.0,2106997.0,2051355.0,1905419.0,2071815.0,1973137.0,1517365.0,2024367.0,326793.0,218083.0,1356814.0,2225695.0,2047570.0,2129910.0,2312498.0,2099529.0,2117215.0,258779.0,101302.0,786227.0,346022.0,126.0,195563.0,1309162.0,2060478.0,2436390.0,2483037.0,2127664.0,839607.0,0.0,890921.0,941828.0,1095855.0,0.0,0.0,1307538.0,1858165.0,2194334.0,2235473.0,2109369.0,1434590.0,912080.0
FL,55821,-81.166944,28.488246,340428.0,745437.0,451424.0,1367426.0,1265828.0,1736346.0,1514408.0,1550480.0,1746942.0,648194.0,0.0,253842.0,798599.0,1309000.0,1679151.0,1054457.0,1220505.0,1620811.0,1545379.0,1599885.0,1479475.0,1994172.0,1238924.0,86605.0,0.0,629556.0,979502.0,545378.0,1604740.0,1982492.0,2107460.0,2114851.0,2177978.0,1950984.0,2217821.0,1214680.0,1705002.0,1479663.0,1963971.0,1411837.0,1660236.0,2453667.0,2659857.0,2697290.0,2482845.0,1661334.0,631246.0,1779172.0,1313353.0,1676170.0,2227031.0,1871547.0,2382922.0,2681918.0,2425165.0,2598505.0,2235921.0,2198414.0,1161704.0
FL,57898,-80.141815,26.772439,3222.0,2376.0,2862.0,4899.0,4902.0,7356.0,7125.0,13488.0,1752.0,7662.0,3348.0,4896.0,489.0,26859.0,5022.0,8712.0,6321.0,15792.0,11166.0,7290.0,15027.0,7476.0,7470.0,7293.0,2067.0,5034.0,6501.0,11664.0,7911.0,8940.0,10605.0,9942.0,19563.0,8067.0,7632.0,381.0,2478.0,4005.0,140949.0,9810.0,12375.0,6330.0,9801.0,17502.0,7626.0,13349.0,6510.0,4581.0,4068.0,4141.0,3543.0,12633.0,1815.0,8301.0,9129.0,5057.0,14523.0,3787.0,7158.0
FL,676,-81.9229,28.0801,1549680.0,1353924.0,1431128.0,1515503.0,1539639.0,751529.0,1589031.0,1702351.0,1361007.0,1203589.0,1457973.0,1725204.0,1487240.0,747706.0,1574305.0,1489903.0,1428026.0,1370878.0,1613677.0,1544273.0,1547475.0,388213.0,294523.0,1317309.0,1479629.0,1405367.0,1055074.0,1339011.0,1442028.0,1411184.0,1448446.0,1467919.0,1348076.0,1389387.0,218860.0,1164041.0,1521601.0,1307764.0,1032595.0,1469711.0,1585075.0,1486672.0,1532934.0,1353050.0,1277824.0,1493689.0,1610243.0,856210.0,1574432.0,1107045.0,46490.0,34316.0,6.0,574181.0,1650984.0,1682303.0,1599710.0,1129213.0,1457084.0
FL,667,-81.5525,30.4172,871606.0,572060.0,2280874.0,2081393.0,2328688.0,2034154.0,1843162.0,2105864.0,1627688.0,2323837.0,1040213.0,356689.0,1914373.0,1327911.0,2281740.0,1973033.0,2314996.0,1891811.0,2102519.0,2355405.0,2513583.0,2119179.0,1593092.0,1324184.0,2007606.0,849982.0,1310715.0,2433584.0,1364539.0,1724506.0,1891392.0,2255147.0,2097014.0,2010923.0,173002.0,343344.0,1682076.0,1339848.0,1196854.0,1991333.0,2094278.0,2390923.0,2282282.0,2001221.0,1648596.0,1520860.0,1737347.0,472280.0,958732.0,1055218.0,2728018.0,1775433.0,2211550.0,2380066.0,2286181.0,2431201.0,1970179.0,1733358.0,881657.0
FL,10202,-81.455413,30.681823,258090.0,347691.0,400086.0,393642.0,389060.0,408732.0,425591.0,435958.0,358853.0,414768.0,375063.0,438319.0,426279.0,157141.0,319586.0,353382.0,349403.0,339122.0,350590.0,355644.0,334031.0,365084.0,360573.0,359225.0,269568.0,328741.0,365668.0,396719.0,408012.0,373589.0,407767.0,402964.0,374196.0,370432.0,368236.0,383674.0,313774.0,262651.0,389473.0,405428.0,398916.0,367768.0,389356.0,373497.0,316148.0,367503.0,393260.0,369421.0,294666.0,152393.0,339570.0,347385.0,399942.0,347455.0,388576.0,381617.0,363781.0,381068.0,364819.0
FL,50629,-81.889188,28.740206,940.0,1507.0,967.0,1683.0,941.0,805.0,3522.0,3020.0,3038.0,1403.0,608.0,4442.0,219.0,2677.0,1368.0,2775.0,2107.0,1032.0,5796.0,5045.0,1555.0,923.0,347.0,1150.0,509.0,246.0,1680.0,446.0,931.0,1624.0,3729.0,5962.0,1162.0,2105.0,1020.0,1047.0,3708.0,876.0,443.0,1118.0,1315.0,2837.0,2572.0,2609.0,1378.0,1233.0,1509.0,838.0,965.0,809.0,492.0,1738.0,4020.0,2392.0,1642.0,1245.0,3906.0,1390.0,663.0
FL,50071,-80.141944,26.771389,1318.0,80.0,1202.0,1530.0,766.0,1100.0,436.0,1464.0,2232.0,860.0,3786.0,302.0,1252.0,364.0,796.0,482.0,1098.0,662.0,1184.0,806.0,1556.0,992.0,2110.0,1240.0,1404.0,962.0,1444.0,180.0,402.0,1582.0,568.0,2334.0,270.0,2220.0,1476.0,380.0,2478.0,440.0,1410.0,826.0,920.0,1292.0,1734.0,2152.0,1714.0,1298.0,1028.0,1992.0,290.0,1038.0,2234.0,1916.0,290.0,2250.0,1178.0,2638.0,1462.0,1548.0,1814.0
FL,56407,-80.3747,26.6986,10602378.0,9989814.0,11836748.0,9621094.0,11959743.0,13949509.0,14414503.0,14060592.0,14047357.0,14254355.0,10890593.0,10592713.0,10371399.0,11192811.0,12748252.0,13041506.0,10882190.0,13244350.0,13784342.0,13487002.0,9824462.0,10734010.0,8985547.0,6701542.0,8794824.0,10600194.0,10859134.0,11219845.0,12734397.0,12169481.0,14068842.0,14697878.0,13189576.0,11371070.0,9773987.0,9051901.0,9732361.0,7097627.0,8763603.0,8343300.0,11832762.0,13228466.0,14447220.0,14288236.0,13130336.0,10610344.0,11438882.0,10746209.0,8162408.0,8542481.0,7749636.0,8651450.0,11538173.0,11759052.0,14402455.0,14940922.0,14347089.0,13696182.0,12209136.0
FL,56400,-80.3775,27.383889,1099513.0,995484.0,994796.0,950641.0,1191122.0,1172628.0,1190137.0,1237413.0,983687.0,1238779.0,1042494.0,533035.0,1051392.0,1042566.0,1161371.0,1086373.0,1009231.0,1295912.0,1323118.0,1240052.0,1187704.0,1310987.0,486032.0,1040487.0,1056070.0,1002385.0,1142353.0,700254.0,1149372.0,1230842.0,1257180.0,1294815.0,761595.0,1200346.0,1127345.0,1079097.0,1183110.0,1064275.0,1233444.0,895873.0,1361071.0,1286930.0,1357869.0,1292917.0,1255820.0,1208826.0,1164556.0,664908.0,1124804.0,796662.0,207059.0,1132099.0,1315447.0,1238294.0,1313999.0,1292058.0,1257291.0,1209066.0,992395.0
FL,50884,-82.6741,27.8733,7.0,10.0,10.0,7.0,8.0,9.0,9.0,6.0,6.0,7.0,155.0,8.0,12.0,6.0,5.0,8.0,13.0,3.0,3.0,3.0,3.0,3.0,3.0,3.0,3.0,3.0,3.0,3.0,3.0,3.0,3.0,3.0,3.0,3.0,4.0,3.0,3.0,3.0,6.0,3.0,0.0,3.0,3.0,0.0,3.0,0.0,3.0,3.0,3.0,0.0,0.0,0.0,3.0,0.0,0.0,3.0,0.0,0.0,2.0
FL,50949,-81.9636,27.6364,71809.0,84531.0,275928.0,509701.0,426623.0,511077.0,969384.0,917693.0,858395.0,954134.0,585334.0,266743.0,328358.0,619692.0,518591.0,452487.0,414009.0,865704.0,983670.0,806744.0,822891.0,659716.0,435798.0,521886.0,184810.0,272354.0,914364.0,460240.0,689048.0,760185.0,737454.0,715419.0,575856.0,642169.0,710818.0,591157.0,687816.0,485265.0,435313.0,290274.0,930537.0,1268363.0,1282640.0,1133528.0,746143.0,586958.0,771593.0,700189.0,941435.0,737791.0,179189.0,746972.0,493149.0,644535.0,762722.0,624238.0,407184.0,460297.0,830541.0
FL,7846,-81.947222,30.320556,2448755.0,1831385.0,115100.0,306082.0,1456843.0,2773201.0,3035081.0,2991846.0,2802157.0,3058745.0,1700224.0,2689020.0,2808807.0,2531134.0,3056861.0,2712488.0,3007980.0,2837623.0,3115244.0,3032176.0,2822603.0,3024991.0,2807883.0,3037978.0,2886953.0,2568683.0,2819138.0,1293472.0,2999811.0,2888192.0,3060053.0,3131693.0,2604630.0,2963368.0,2792150.0,2786721.0,2769358.0,2161522.0,2793962.0,1684197.0,2907192.0,2895528.0,2940967.0,2969078.0,2759710.0,2848580.0,2909571.0,3028155.0,2735318.0,2067715.0,1174601.0,2466223.0,3204718.0,2639247.0,3385956.0,3220320.0,3037357.0,2896476.0,2840790.0
FL,55242,-87.115,30.5664,586946.0,1116149.0,318459.0,0.0,787335.0,1180466.0,1212506.0,1211638.0,1167002.0,1209445.0,17632.0,1209232.0,1262670.0,1194398.0,1221090.0,952514.0,1195754.0,1142372.0,1184587.0,1185485.0,1116638.0,521483.0,0.0,12880.0,1228599.0,1049364.0,168.0,29905.0,265267.0,81653.0,587657.0,496794.0,518731.0,822965.0,0.0,5664.0,1288949.0,1112682.0,227159.0,0.0,196497.0,952898.0,1188782.0,1189219.0,1148552.0,1197275.0,25151.0,1219268.0,1104803.0,664444.0,0.0,16220.0,191158.0,553231.0,1077524.0,1157561.0,1056847.0,279159.0,1163147.0
FL,54624,-80.336253,25.549834,7.0,16.0,4.0,23.0,238.0,777.0,12.0,713.0,97.0,490.0,1256.0,400.0,3526.0,1777.0,669.0,4370.0,3956.0,6066.0,6223.0,4991.0,5008.0,6419.0,6901.0,4104.0,6395.0,2722.0,3333.0,4517.0,4688.0,6987.0,5732.0,5241.0,7157.0,4121.0,4485.0,5760.0,8137.0,7574.0,9996.0,8567.0,11191.0,10635.0,6635.0,5875.0,6351.0,9430.0,7679.0,8186.0,8097.0,7440.0,6872.0,6470.0,6980.0,8600.0,8895.0,10152.0,1052.0,7305.0,8876.0
FL,50666,-82.5583,28.3681,823.0,688.0,2688.0,16.0,51.0,373.0,161.0,239.0,198.0,1675.0,26.0,31.0,40.0,166.0,1442.0,110.0,243.0,490.0,795.0,980.0,359.0,1478.0,841.0,605.0,317.0,68.0,2466.0,698.0,335.0,814.0,208.0,247.0,468.0,1099.0,333.0,87.0,741.0,592.0,2504.0,724.0,256.0,832.0,1467.0,1169.0,1300.0,1283.0,977.0,304.0,74.0,506.0,929.0,948.0,288.0,599.0,1077.0,117.0,832.0,1210.0,2009.0
FL,50474,-82.8644,30.4522,26926.0,16988.0,18827.0,19494.0,49086.0,25866.0,28007.0,18514.0,16059.0,22029.0,0.0,25532.0,29926.0,18518.0,21227.0,24741.0,21988.0,37757.0,25080.0,21460.0,19435.0,24328.0,18261.0,30074.0,24366.0,13594.0,14661.0,28527.0,39767.0,18351.0,25580.0,32400.0,21425.0,26017.0,26851.0,27311.0,25110.0,22636.0,6178.0,4839.0,30640.0,6690.0,6500.0,7357.0,8699.0,3764.0,5596.0,24844.0,9051.0,2430.0,6651.0,20024.0,13312.0,15209.0,6201.0,12341.0,48133.0,3345.0,6834.0
FL,10004,-81.938787,27.76522,0.0,0.0,0.0,0.0,0.0,0.0,0.0,0.0,0.0,0.0,0.0,0.0,0.0,0.0,0.0,0.0,0.0,0.0,0.0,0.0,0.0,0.0,0.0,0.0,0.0,0.0,0.0,0.0,0.0,0.0,0.0,0.0,0.0,0.0,0.0,0.0,0.0,0.0,0.0,0.0,0.0,0.0,0.0,0.0,0.0,0.0,0.0,0.0,0.0,0.0,0.0,0.0,0.0,0.0,0.0,0.0,0.0,0.0,0.0
FL,10204,-82.3903,27.8605,0.0,0.0,0.0,0.0,0.0,0.0,0.0,0.0,0.0,0.0,0.0,0.0,0.0,0.0,0.0,0.0,0.0,0.0,0.0,0.0,0.0,0.0,0.0,0.0,0.0,0.0,0.0,0.0,0.0,0.0,0.0,0.0,0.0,0.0,0.0,0.0,0.0,0.0,0.0,0.0,0.0,0.0,0.0,0.0,0.0,0.0,0.0,0.0,0.0,0.0,0.0,0.0,0.0,0.0,0.0,0.0,0.0,0.0,0.0
FL,54627,-80.7469,26.5769,54178.0,70249.0,97862.0,26826.0,17458.0,5546.0,20169.0,38709.0,51617.0,112782.0,108882.0,102490.0,84950.0,47328.0,55065.0,2763.0,2477.0,10381.0,32032.0,43701.0,45400.0,193905.0,136363.0,112017.0,91407.0,94338.0,117349.0,96931.0,79666.0,8511.0,10123.0,11319.0,16618.0,54313.0,101237.0,125830.0,90250.0,76756.0,127704.0,52706.0,6786.0,27292.0,34482.0,12553.0,6831.0,14156.0,36975.0,21819.0,23118.0,48818.0,23118.0,21371.0,5805.0,2395.0,2896.0,3492.0,6477.0,43371.0,117211.0
FL,7873,-82.4231,27.9072,2775724.0,4166529.0,4263209.0,5613378.0,6529627.0,6475387.0,6009624.0,5497216.0,4938198.0,5044749.0,3288102.0,2421542.0,2030989.0,4078907.0,4001973.0,4952966.0,5137965.0,5485989.0,5919375.0,6290386.0,5250264.0,5157340.0,3206550.0,3313648.0,2887423.0,6119427.0,5317497.0,4223357.0,4003115.0,5071028.0,6008855.0,5835574.0,4842773.0,5528682.0,5484372.0,4298493.0,4554943.0,3896710.0,5658903.0,4789199.0,5648708.0,5792473.0,5747336.0,6352212.0,3514759.0,2636355.0,3646083.0,3355341.0,1877581.0,1719737.0,4665921.0,5257565.0,4881497.0,4728588.0,4746789.0,5220213.0,4614969.0,2058399.0,1977881.0
FL,613,-80.1984,26.0686,41491.0,46433.0,207523.0,120663.0,628004.0,757092.0,656471.0,201948.0,519899.0,973949.0,159201.0,27198.0,34155.0,25616.0,204813.0,273089.0,222203.0,611212.0,477118.0,526822.0,599672.0,599963.0,208716.0,76802.0,37425.0,29128.0,382115.0,453240.0,470803.0,294464.0,274663.0,721478.0,394212.0,463575.0,32999.0,188549.0,138638.0,105327.0,364340.0,324760.0,298675.0,99664.0,534325.0,319251.0,287975.0,383319.0,321283.0,74318.0,84128.0,47822.0,290807.0,279473.0,372879.0,330451.0,334822.0,420117.0,194328.0,181855.0,167956.0
FL,620,-81.3256,28.8419,5302988.0,3977528.0,3649327.0,3594314.0,5359951.0,4626877.0,6817813.0,7006920.0,7398771.0,6273792.0,4633975.0,3036071.0,3644043.0,4191737.0,3554105.0,3327564.0,4924092.0,7230766.0,7005089.0,8417762.0,8461574.0,6684407.0,6233363.0,4594942.0,4666220.0,4355207.0,3891814.0,5967279.0,7201287.0,6749870.0,7012730.0,6906807.0,6309608.0,3468967.0,3109168.0,3973839.0,3619619.0,3288438.0,6220996.0,4915462.0,6418722.0,6104309.0,6433824.0,6888056.0,6598054.0,5212388.0,5379861.0,3942609.0,1488612.0,2080432.0,3712443.0,4544656.0,6258172.0,5865782.0,7505150.0,8126001.0,5969947.0,5344417.0,3336886.0
FL,619,-80.0525,26.7653,2938400.0,2619036.0,2182462.0,3553062.0,4122925.0,3902862.0,4161808.0,3715412.0,4277350.0,3746966.0,3211096.0,3016888.0,2134898.0,3254645.0,3792783.0,3384219.0,3610237.0,3748187.0,4202188.0,4373208.0,3996852.0,3952170.0,3559243.0,2202817.0,2539651.0,2078429.0,2367508.0,0.0,3649802.0,3732773.0,3973171.0,4231751.0,3766639.0,4339915.0,2740596.0,3332626.0,2720984.0,3047134.0,4322226.0,3859932.0,4196866.0,4110642.0,4464756.0,4481550.0,3060328.0,3366014.0,3256009.0,3105675.0,2888289.0,2859453.0,3832232.0,3927541.0,3319839.0,4257326.0,5056497.0,4696113.0,4523418.0,4567480.0,3693708.0
FL,617,-80.1253,26.0856,3234738.0,2192133.0,2969392.0,4038332.0,4525165.0,4432408.0,4287663.0,3946513.0,4230813.0,4863912.0,4180051.0,4159898.0,3386092.0,2600400.0,3232569.0,3748086.0,1692112.0,4298613.0,4564563.0,4484176.0,3776094.0,3484500.0,3128547.0,3036636.0,2752965.0,3096507.0,2562534.0,664290.0,4531781.0,4431999.0,4475042.0,4584168.0,3950635.0,4555831.0,4546212.0,4858465.0,5523145.0,4821298.0,2815492.0,4118553.0,3818819.0,3771362.0,4324774.0,4188081.0,3872436.0,3586636.0,3645967.0,3385813.0,2900121.0,3492916.0,1704624.0,3281734.0,4146267.0,3753758.0,4426021.0,4148572.0,3906231.0,4106903.0,1780074.0
FL,564,-81.1678,28.4822,992478.0,1131936.0,1142208.0,771097.0,1046641.0,1306440.0,918225.0,1614409.0,1261706.0,1120118.0,1257988.0,1781745.0,1689659.0,1614818.0,1682242.0,1550870.0,1750289.0,1504156.0,1992094.0,1340958.0,1064658.0,536432.0,1297319.0,900813.0,401023.0,1003056.0,533880.0,1308903.0,1289498.0,1463469.0,2055870.0,2053668.0,944052.0,1034749.0,1506245.0,1630545.0,1905319.0,1660193.0,1675144.0,1309213.0,2150184.0,2082134.0,2145019.0,2096759.0,2026551.0,1361988.0,1576505.0,2096676.0,1786476.0,1321679.0,1877742.0,1420271.0,2143270.0,2003728.0,1465320.0,1631218.0,1328043.0,1728888.0,1876659.0
FL,55415,-81.923951,27.523607,192018.0,157983.0,305225.0,622292.0,1284616.0,1220511.0,764504.0,1088875.0,933863.0,1315440.0,473713.0,158021.0,27106.0,261901.0,0.0,67146.0,607720.0,1117647.0,682986.0,575577.0,287212.0,968893.0,541726.0,784226.0,97984.0,422412.0,808165.0,848478.0,1128059.0,1710151.0,1417684.0,1639514.0,1819513.0,1393050.0,180140.0,592060.0,142675.0,278502.0,597316.0,705049.0,2494174.0,2390412.0,2576100.0,2400143.0,2114939.0,914570.0,425721.0,468643.0,367677.0,256813.0,590007.0,1024429.0,586604.0,775850.0,1035188.0,1459538.0,740785.0,284987.0,199590.0
FL,609,-80.7644,28.4698,3965951.0,3060231.0,4074399.0,3598637.0,4447085.0,4552818.0,3780313.0,3109634.0,3909247.0,2909277.0,2661447.0,3105940.0,4084337.0,3964343.0,4129188.0,2155753.0,3161560.0,3958178.0,3863999.0,4360756.0,4080100.0,2539625.0,1142466.0,4170517.0,3251892.0,2709661.0,3449959.0,3388181.0,4109874.0,3177222.0,3353748.0,3953365.0,3623719.0,3516349.0,2321448.0,2435685.0,2138041.0,1849964.0,2145837.0,2611066.0,3824590.0,4086369.0,4624894.0,4657702.0,4136676.0,429129.0,618155.0,4255436.0,3822696.0,3841446.0,3980206.0,4070478.0,3693069.0,4046289.0,4752212.0,4460362.0,4047774.0,2545962.0,3293539.0
FL,7380,-81.9625,27.641667,2636350.0,1725588.0,2709522.0,2440404.0,2156072.0,2628360.0,2721182.0,2836004.0,2362284.0,449934.0,1928528.0,2718170.0,2775767.0,2715591.0,2829523.0,2135261.0,2761289.0,2762025.0,2769970.0,2712121.0,2401693.0,2605359.0,2121199.0,2795823.0,2782512.0,2057509.0,2168007.0,2580173.0,2688671.0,2760415.0,2896286.0,2819588.0,2641400.0,1292608.0,2646325.0,2696034.0,2639810.0,1279488.0,2387395.0,1992308.0,2593164.0,2725136.0,2959408.0,2745725.0,2347778.0,2353883.0,1446062.0,2232120.0,1972909.0,1814487.0,2633062.0,1985347.0,1796585.0,2478693.0,2243159.0,2636174.0,2155994.0,125518.0,15360.0
FL,7242,-81.9897,27.7286,4849008.0,2674016.0,4176805.0,2461869.0,4257365.0,3989952.0,4541277.0,5022664.0,4767271.0,4748353.0,3365827.0,4377187.0,4560872.0,4171910.0,5311782.0,4465384.0,4108706.0,4595106.0,4221666.0,3844193.0,3006433.0,2783567.0,2871128.0,3538624.0,3739110.0,263765.0,2751835.0,3527896.0,4031479.0,3923324.0,4353966.0,4187662.0,4174889.0,3844540.0,1860717.0,3887974.0,4499616.0,3544529.0,2393632.0,4993876.0,4105246.0,4787777.0,5250024.0,4758302.0,4754447.0,4539344.0,4142632.0,2977998.0,3097743.0,2751969.0,3151886.0,4179740.0,4189680.0,3782065.0,3967593.0,4141785.0,2241070.0,3423147.0,3103705.0
FL,10434,-82.051937,27.833642,0.0,0.0,0.0,0.0,0.0,0.0,0.0,0.0,0.0,0.0,0.0,0.0,0.0,0.0,0.0,0.0,0.0,0.0,0.0,0.0,0.0,0.0,0.0,0.0,0.0,0.0,0.0,0.0,0.0,0.0,0.0,0.0,0.0,0.0,0.0,0.0,0.0,0.0,0.0,0.0,0.0,0.0,0.0,0.0,0.0,0.0,0.0,0.0,0.0,0.0,0.0,0.0,0.0,0.0,0.0,0.0,0.0,0.0,0.0
FL,643,-85.7003,30.2686,2486782.0,2411677.0,2189812.0,1264649.0,973555.0,1357688.0,2330542.0,3111729.0,2992019.0,3043939.0,1684307.0,2984637.0,3057441.0,2670116.0,2203430.0,2598084.0,3044062.0,3008566.0,3117038.0,2949902.0,2736639.0,3248232.0,3126489.0,2385281.0,2848550.0,2719499.0,2787133.0,1841419.0,2898708.0,2841702.0,3087302.0,3096139.0,2900285.0,2755618.0,2628966.0,1675052.0,2930075.0,2431963.0,1785125.0,2758373.0,2930661.0,2869709.0,2635118.0,3020146.0,2626850.0,2324472.0,2633784.0,2274681.0,2802425.0,2649439.0,585954.0,2739385.0,2322341.0,2585195.0,2969425.0,2940636.0,2852165.0,1352121.0,2029339.0
FL,641,-87.2244,30.5661,15881.0,6788.0,87278.0,11366.0,28184.0,13831.0,43746.0,154317.0,362121.0,142910.0,31393.0,120659.0,149561.0,636561.0,35533.0,58298.0,188569.0,323160.0,910346.0,1316711.0,645120.0,0.0,204679.0,353216.0,2621369.0,2861877.0,1185725.0,12335.0,720323.0,1826434.0,2699498.0,2651045.0,2300201.0,1659542.0,0.0,0.0,1656294.0,511620.0,0.0,134029.0,2028847.0,2433090.0,3123322.0,2146764.0,1690553.0,1304219.0,663554.0,1517013.0,824822.0,320285.0,2261039.0,808480.0,2178150.0,3107300.0,4054737.0,4750123.0,3283835.0,2876220.0,1368850.0
FL,688,-84.4,30.4522,1045996.0,815913.0,818616.0,880496.0,1171555.0,1170898.0,1230934.0,1280027.0,1262251.0,1036467.0,922037.0,911183.0,953587.0,852854.0,753566.0,1202691.0,1431011.0,1315732.0,1171459.0,1139367.0,1065793.0,1095702.0,887647.0,913367.0,959536.0,835032.0,440445.0,802554.0,969288.0,1070023.0,1152506.0,1161944.0,1023935.0,830526.0,986631.0,882133.0,1019950.0,867114.0,950289.0,884347.0,962889.0,1203990.0,1122795.0,1149550.0,1056188.0,900685.0,1042516.0,1017399.0,964452.0,877295.0,928423.0,977912.0,1127734.0,1129471.0,1213897.0,1391262.0,1126628.0,1014995.0,957366.0
FL,634,-82.601759,27.859535,3916840.0,3483610.0,2739409.0,3786764.0,4806185.0,4757144.0,4999324.0,5131071.0,4647574.0,2522884.0,1716307.0,3065258.0,3970988.0,4190617.0,4624665.0,3247856.0,4256294.0,4791161.0,5200755.0,4981535.0,4441314.0,4848073.0,3711132.0,2674703.0,2949105.0,3194835.0,3961341.0,4104333.0,3761902.0,3426282.0,2784892.0,2728991.0,3346217.0,3642811.0,2951435.0,3257815.0,3362440.0,2442445.0,2560324.0,4134058.0,5198066.0,5135671.0,5393613.0,5105183.0,4729945.0,4184770.0,2970822.0,4067061.0,4478371.0,3601407.0,4142938.0,4732698.0,4753679.0,4894784.0,5096742.0,5214256.0,4668770.0,3612515.0,2465403.0
FL,621,-80.3308,25.4356,2846919.0,2791863.0,3991623.0,3688727.0,4345543.0,4382646.0,4318031.0,4184032.0,4239797.0,0.0,0.0,749972.0,2257274.0,3159615.0,3844591.0,3718271.0,3418831.0,4015055.0,4095969.0,4191198.0,3988004.0,4378469.0,4141959.0,2951165.0,1886769.0,2551904.0,1476299.0,4153467.0,1264472.0,3920832.0,4401404.0,4520865.0,4261204.0,4439581.0,2666524.0,2291589.0,2674312.0,2543997.0,4609428.0,4183262.0,4079255.0,3742474.0,4346418.0,4291979.0,4024119.0,3540031.0,2439899.0,3297409.0,2693451.0,2281904.0,3146032.0,4213796.0,3861180.0,3091551.0,4380014.0,4739112.0,4241182.0,4348024.0,4191163.0
FL,8049,-81.548611,28.262778,169491.0,93225.0,152580.0,394751.0,501038.0,579501.0,420016.0,730541.0,417063.0,674815.0,291105.0,56871.0,24466.0,273114.0,629946.0,234513.0,338879.0,512492.0,507126.0,519318.0,169458.0,346288.0,286226.0,186905.0,160059.0,329113.0,427457.0,338807.0,450745.0,620874.0,526307.0,622831.0,398142.0,493464.0,45989.0,101383.0,122955.0,105655.0,269938.0,261520.0,689705.0,774552.0,772163.0,455561.0,595431.0,461721.0,252224.0,173546.0,138747.0,146068.0,370696.0,292416.0,310017.0,317952.0,243996.0,750016.0,453083.0,264262.0,135079.0
FL,8048,-82.788611,28.184444,1288521.0,1025276.0,1165355.0,1698434.0,2143182.0,2715482.0,2585324.0,2981733.0,2046857.0,3112022.0,2875698.0,1381671.0,1177397.0,1314272.0,2420366.0,2310408.0,1698032.0,2920830.0,2702580.0,2388208.0,2239907.0,2867053.0,2214179.0,1371139.0,1034582.0,1396090.0,517739.0,900275.0,1998330.0,3260086.0,3110752.0,3256658.0,2864075.0,2402978.0,1428609.0,1079781.0,1528481.0,856213.0,2407254.0,2079274.0,1524915.0,2263339.0,1901632.0,2914109.0,3570997.0,3267751.0,2249638.0,501929.0,144928.0,1163983.0,1956758.0,1527197.0,1627638.0,2194953.0,2931982.0,2775082.0,2013497.0,2148215.0,2064043.0
FL,50633,-81.9185,27.908,0.0,0.0,0.0,0.0,0.0,0.0,0.0,0.0,0.0,0.0,0.0,0.0,0.0,0.0,0.0,0.0,0.0,0.0,0.0,0.0,0.0,0.0,0.0,0.0,0.0,0.0,0.0,0.0,0.0,0.0,0.0,0.0,0.0,0.0,0.0,0.0,0.0,0.0,0.0,0.0,0.0,0.0,0.0,0.0,0.0,0.0,0.0,0.0,0.0,0.0,0.0,0.0,0.0,0.0,0.0,0.0,0.0,0.0,0.0
FL,10062,-80.3566,25.8356,29428.0,24034.0,39399.0,33071.0,33795.0,36348.0,26464.0,42073.0,26142.0,18690.0,28910.0,38545.0,33290.0,31626.0,43087.0,60706.0,53703.0,41020.0,35303.0,33262.0,32650.0,32885.0,33673.0,30002.0,30005.0,17708.0,28363.0,28917.0,18119.0,18419.0,24059.0,27752.0,19872.0,34497.0,35652.0,39885.0,41838.0,36811.0,61371.0,43388.0,33450.0,33277.0,13440.0,18049.0,18112.0,20217.0,12939.0,9498.0,13843.0,7980.0,0.0,0.0,0.0,0.0,0.0,0.0,0.0,0.0,0.0
FL,10008,-81.662705,30.314467,23866.0,23778.0,23418.0,27992.0,19822.0,18119.0,23094.0,19151.0,24267.0,19474.0,21114.0,26175.0,22412.0,22815.0,26055.0,19657.0,20533.0,25197.0,19052.0,23928.0,19428.0,19751.0,25218.0,20707.0,20554.0,18983.0,22309.0,19810.0,25343.0,20545.0,20124.0,24636.0,18081.0,18423.0,28519.0,22081.0,28924.0,23155.0,22735.0,22887.0,23730.0,219.0,373.0,0.0,4432.0,26207.0,21358.0,22133.0,29314.0,23540.0,21513.0,22399.0,27558.0,21270.0,25739.0,20127.0,20286.0,26517.0,22863.0
